R2,MAE,RMSE,protocol,fold,seed,n_test,best_epoch,key,exp,model,n_train,PICP_1sigma,PICP_2sigma,sharpness_mean_sigma,ECE,MCE,NLL
0.9810067415237427,4.702784061431885,6.129410693170808,loco,0,0,557,250.0,E3|EnergyPhasePINN|loco|0|0,E3,EnergyPhasePINN,,,,,,,
0.9828752279281616,4.527708530426025,5.820104730981209,loco,0,1,557,93.0,E3|EnergyPhasePINN|loco|0|1,E3,EnergyPhasePINN,,,,,,,
0.9553231000900269,7.527665615081787,9.400701667082947,loco,0,2,557,55.0,E3|EnergyPhasePINN|loco|0|2,E3,EnergyPhasePINN,,,,,,,
0.9756537675857544,5.261734962463379,6.939604294019102,loco,0,3,557,185.0,E3|EnergyPhasePINN|loco|0|3,E3,EnergyPhasePINN,,,,,,,
0.9683802723884583,6.030594348907471,7.908566342918405,loco,0,4,557,77.0,E3|EnergyPhasePINN|loco|0|4,E3,EnergyPhasePINN,,,,,,,
0.9746825695037842,5.626706123352051,7.414563112873553,loco,1,0,597,216.0,E3|EnergyPhasePINN|loco|1|0,E3,EnergyPhasePINN,,,,,,,
0.9121143817901611,11.058472633361816,13.814480600716703,loco,1,1,597,35.0,E3|EnergyPhasePINN|loco|1|1,E3,EnergyPhasePINN,,,,,,,
0.9786200523376465,5.079771995544434,6.813636055110656,loco,1,2,597,58.0,E3|EnergyPhasePINN|loco|1|2,E3,EnergyPhasePINN,,,,,,,
0.980866014957428,4.894882678985596,6.445822067924902,loco,1,3,597,153.0,E3|EnergyPhasePINN|loco|1|3,E3,EnergyPhasePINN,,,,,,,
0.9350730180740356,10.211252212524414,11.87375995786968,loco,1,4,597,44.0,E3|EnergyPhasePINN|loco|1|4,E3,EnergyPhasePINN,,,,,,,
0.9677345752716064,6.259660720825195,8.017622135613069,loco,2,0,556,94.0,E3|EnergyPhasePINN|loco|2|0,E3,EnergyPhasePINN,,,,,,,
0.9710636138916016,5.909748077392578,7.59275177096989,loco,2,1,556,284.0,E3|EnergyPhasePINN|loco|2|1,E3,EnergyPhasePINN,,,,,,,
0.9640892744064331,6.728453159332275,8.458415464807398,loco,2,2,556,70.0,E3|EnergyPhasePINN|loco|2|2,E3,EnergyPhasePINN,,,,,,,
0.9679499268531799,6.274513244628906,7.990820147802195,loco,2,3,556,205.0,E3|EnergyPhasePINN|loco|2|3,E3,EnergyPhasePINN,,,,,,,
0.9430790543556213,8.572659492492676,10.64909914890013,loco,2,4,556,58.0,E3|EnergyPhasePINN|loco|2|4,E3,EnergyPhasePINN,,,,,,,
0.9673281311988831,6.094589710235596,8.07933852859071,loco,3,0,579,105.0,E3|EnergyPhasePINN|loco|3|0,E3,EnergyPhasePINN,,,,,,,
0.9747607111930847,5.355207443237305,7.101134099513089,loco,3,1,579,103.0,E3|EnergyPhasePINN|loco|3|1,E3,EnergyPhasePINN,,,,,,,
0.9695265293121338,5.867572784423828,7.802787175196823,loco,3,2,579,69.0,E3|EnergyPhasePINN|loco|3|2,E3,EnergyPhasePINN,,,,,,,
0.9695271253585815,5.932318687438965,7.802714574834076,loco,3,3,579,125.0,E3|EnergyPhasePINN|loco|3|3,E3,EnergyPhasePINN,,,,,,,
0.9743859767913818,5.279695987701416,7.153656202118289,loco,3,4,579,86.0,E3|EnergyPhasePINN|loco|3|4,E3,EnergyPhasePINN,,,,,,,
0.850182294845581,11.748544692993164,17.646141845216036,loco,4,0,1126,73.0,E3|EnergyPhasePINN|loco|4|0,E3,EnergyPhasePINN,,,,,,,
0.8504220247268677,14.171113967895508,17.632017213179534,loco,4,1,1126,207.0,E3|EnergyPhasePINN|loco|4|1,E3,EnergyPhasePINN,,,,,,,
0.6773121953010559,17.974109649658203,25.897597318573784,loco,4,2,1126,55.0,E3|EnergyPhasePINN|loco|4|2,E3,EnergyPhasePINN,,,,,,,
0.9126397371292114,11.1455659866333,13.474890634521108,loco,4,3,1126,187.0,E3|EnergyPhasePINN|loco|4|3,E3,EnergyPhasePINN,,,,,,,
0.912724494934082,8.872553825378418,13.46834837985173,loco,4,4,1126,86.0,E3|EnergyPhasePINN|loco|4|4,E3,EnergyPhasePINN,,,,,,,
0.9718972444534302,6.506703853607178,8.42266219216468,loco,5,0,560,122.0,E3|EnergyPhasePINN|loco|5|0,E3,EnergyPhasePINN,,,,,,,
0.9767526984214783,5.708651065826416,7.6605655885658175,loco,5,1,560,377.0,E3|EnergyPhasePINN|loco|5|1,E3,EnergyPhasePINN,,,,,,,
0.9635494351387024,7.978707313537598,9.592390032374785,loco,5,2,560,36.0,E3|EnergyPhasePINN|loco|5|2,E3,EnergyPhasePINN,,,,,,,
0.9626100659370422,8.307223320007324,9.715207745367287,loco,5,3,560,37.0,E3|EnergyPhasePINN|loco|5|3,E3,EnergyPhasePINN,,,,,,,
0.970766544342041,6.780214786529541,8.590432598336506,loco,5,4,560,87.0,E3|EnergyPhasePINN|loco|5|4,E3,EnergyPhasePINN,,,,,,,
0.9813893437385559,5.15654182434082,6.723997541963853,loco,6,0,465,145.0,E3|EnergyPhasePINN|loco|6|0,E3,EnergyPhasePINN,,,,,,,
0.9823882579803467,4.742837905883789,6.54105994778205,loco,6,1,465,230.0,E3|EnergyPhasePINN|loco|6|1,E3,EnergyPhasePINN,,,,,,,
0.970117449760437,6.92822790145874,8.520313001444144,loco,6,2,465,36.0,E3|EnergyPhasePINN|loco|6|2,E3,EnergyPhasePINN,,,,,,,
0.9658222198486328,7.580783367156982,9.112104108502036,loco,6,3,465,36.0,E3|EnergyPhasePINN|loco|6|3,E3,EnergyPhasePINN,,,,,,,
0.9769878387451172,5.796979904174805,7.476968879776777,loco,6,4,465,87.0,E3|EnergyPhasePINN|loco|6|4,E3,EnergyPhasePINN,,,,,,,
0.984658420085907,4.788699150085449,6.082509790703497,loco,7,0,373,192.0,E3|EnergyPhasePINN|loco|7|0,E3,EnergyPhasePINN,,,,,,,
0.9861463904380798,4.425212860107422,5.780018608300901,loco,7,1,373,229.0,E3|EnergyPhasePINN|loco|7|1,E3,EnergyPhasePINN,,,,,,,
0.957612931728363,8.192930221557617,10.110316048501447,loco,7,2,373,39.0,E3|EnergyPhasePINN|loco|7|2,E3,EnergyPhasePINN,,,,,,,
0.9441947340965271,9.641790390014648,11.600742421562739,loco,7,3,373,36.0,E3|EnergyPhasePINN|loco|7|3,E3,EnergyPhasePINN,,,,,,,
0.9846856594085693,4.813512325286865,6.07711540408124,loco,7,4,373,87.0,E3|EnergyPhasePINN|loco|7|4,E3,EnergyPhasePINN,,,,,,,
0.9843247532844543,4.74184513092041,6.355623305492418,loco,8,0,318,106.0,E3|EnergyPhasePINN|loco|8|0,E3,EnergyPhasePINN,,,,,,,
0.9805580377578735,5.083059310913086,7.07816515104851,loco,8,1,318,368.0,E3|EnergyPhasePINN|loco|8|1,E3,EnergyPhasePINN,,,,,,,
0.9665675759315491,7.51664924621582,9.281852933777682,loco,8,2,318,36.0,E3|EnergyPhasePINN|loco|8|2,E3,EnergyPhasePINN,,,,,,,
0.9425023198127747,10.261200904846191,12.172390222969126,loco,8,3,318,35.0,E3|EnergyPhasePINN|loco|8|3,E3,EnergyPhasePINN,,,,,,,
0.9818883538246155,5.078336238861084,6.831711305222884,loco,8,4,318,111.0,E3|EnergyPhasePINN|loco|8|4,E3,EnergyPhasePINN,,,,,,,
0.9845458269119263,4.7594099044799805,6.294754920897251,loco,9,0,284,105.0,E3|EnergyPhasePINN|loco|9|0,E3,EnergyPhasePINN,,,,,,,
0.9824256896972656,5.060069561004639,6.712672976177777,loco,9,1,284,420.0,E3|EnergyPhasePINN|loco|9|1,E3,EnergyPhasePINN,,,,,,,
0.9587072134017944,7.777248382568359,10.289475510171258,loco,9,2,284,35.0,E3|EnergyPhasePINN|loco|9|2,E3,EnergyPhasePINN,,,,,,,
0.9534364342689514,8.53679370880127,10.926452637912048,loco,9,3,284,36.0,E3|EnergyPhasePINN|loco|9|3,E3,EnergyPhasePINN,,,,,,,
0.9852520227432251,4.671929359436035,6.149256417827077,loco,9,4,284,101.0,E3|EnergyPhasePINN|loco|9|4,E3,EnergyPhasePINN,,,,,,,
0.9796460270881653,6.244392395019531,7.716202659195986,loco,10,0,228,125.0,E3|EnergyPhasePINN|loco|10|0,E3,EnergyPhasePINN,,,,,,,
0.9819649457931519,5.369365692138672,7.263358338890548,loco,10,1,228,142.0,E3|EnergyPhasePINN|loco|10|1,E3,EnergyPhasePINN,,,,,,,
0.9683871865272522,7.698008060455322,9.616349333271526,loco,10,2,228,37.0,E3|EnergyPhasePINN|loco|10|2,E3,EnergyPhasePINN,,,,,,,
0.9599514603614807,8.569750785827637,10.82361115671104,loco,10,3,228,35.0,E3|EnergyPhasePINN|loco|10|3,E3,EnergyPhasePINN,,,,,,,
0.9833108186721802,5.3163065910339355,6.987091423741406,loco,10,4,228,101.0,E3|EnergyPhasePINN|loco|10|4,E3,EnergyPhasePINN,,,,,,,
0.9787070155143738,5.495052337646484,6.920630211770903,loco,11,0,469,136.0,E3|EnergyPhasePINN|loco|11|0,E3,EnergyPhasePINN,,,,,,,
0.981788158416748,4.930169582366943,6.400355758315924,loco,11,1,469,141.0,E3|EnergyPhasePINN|loco|11|1,E3,EnergyPhasePINN,,,,,,,
0.9556758403778076,8.267480850219727,9.984994310922774,loco,11,2,469,39.0,E3|EnergyPhasePINN|loco|11|2,E3,EnergyPhasePINN,,,,,,,
0.9453068971633911,8.794978141784668,11.091589316985198,loco,11,3,469,36.0,E3|EnergyPhasePINN|loco|11|3,E3,EnergyPhasePINN,,,,,,,
0.9789169430732727,5.463020324707031,6.8864271044846515,loco,11,4,469,101.0,E3|EnergyPhasePINN|loco|11|4,E3,EnergyPhasePINN,,,,,,,
0.9738121628761292,5.547642707824707,7.272516997505328,loco,12,0,456,134.0,E3|EnergyPhasePINN|loco|12|0,E3,EnergyPhasePINN,,,,,,,
0.9734989404678345,5.62982177734375,7.315878584816279,loco,12,1,456,63.0,E3|EnergyPhasePINN|loco|12|1,E3,EnergyPhasePINN,,,,,,,
0.9539055228233337,7.941336631774902,9.648488502522081,loco,12,2,456,36.0,E3|EnergyPhasePINN|loco|12|2,E3,EnergyPhasePINN,,,,,,,
0.9379370808601379,9.061225891113281,11.195690715654212,loco,12,3,456,35.0,E3|EnergyPhasePINN|loco|12|3,E3,EnergyPhasePINN,,,,,,,
0.9735074639320374,5.57227087020874,7.314701107695507,loco,12,4,456,101.0,E3|EnergyPhasePINN|loco|12|4,E3,EnergyPhasePINN,,,,,,,
0.9733849763870239,5.56146764755249,7.074703239983843,loco,13,0,463,112.0,E3|EnergyPhasePINN|loco|13|0,E3,EnergyPhasePINN,,,,,,,
0.9718235731124878,5.470983505249023,7.279275651045662,loco,13,1,463,66.0,E3|EnergyPhasePINN|loco|13|1,E3,EnergyPhasePINN,,,,,,,
0.9609437584877014,7.229474067687988,8.570185198746893,loco,13,2,463,36.0,E3|EnergyPhasePINN|loco|13|2,E3,EnergyPhasePINN,,,,,,,
0.9535959959030151,7.619449615478516,9.341629655295655,loco,13,3,463,35.0,E3|EnergyPhasePINN|loco|13|3,E3,EnergyPhasePINN,,,,,,,
0.9726341962814331,5.50789737701416,7.173797549196344,loco,13,4,463,93.0,E3|EnergyPhasePINN|loco|13|4,E3,EnergyPhasePINN,,,,,,,
0.9474121332168579,6.929991722106934,8.883317944750122,loco,14,0,462,137.0,E3|EnergyPhasePINN|loco|14|0,E3,EnergyPhasePINN,,,,,,,
0.8826485276222229,10.248939514160156,13.27017978434313,loco,14,1,462,66.0,E3|EnergyPhasePINN|loco|14|1,E3,EnergyPhasePINN,,,,,,,
0.8962956070899963,10.46646499633789,12.474729705512097,loco,14,2,462,35.0,E3|EnergyPhasePINN|loco|14|2,E3,EnergyPhasePINN,,,,,,,
0.9231059551239014,9.023651123046875,10.741843034249799,loco,14,3,462,35.0,E3|EnergyPhasePINN|loco|14|3,E3,EnergyPhasePINN,,,,,,,
0.9560439586639404,6.232987880706787,8.121603857536392,loco,14,4,462,102.0,E3|EnergyPhasePINN|loco|14|4,E3,EnergyPhasePINN,,,,,,,
0.9725914597511292,6.002760887145996,7.80083015132394,loco,15,0,583,140.0,E3|EnergyPhasePINN|loco|15|0,E3,EnergyPhasePINN,,,,,,,
0.9762669205665588,5.556972503662109,7.25896767414871,loco,15,1,583,118.0,E3|EnergyPhasePINN|loco|15|1,E3,EnergyPhasePINN,,,,,,,
0.9396247863769531,9.201066017150879,11.577834399819702,loco,15,2,583,37.0,E3|EnergyPhasePINN|loco|15|2,E3,EnergyPhasePINN,,,,,,,
0.9255287647247314,10.66819953918457,12.85855978772324,loco,15,3,583,37.0,E3|EnergyPhasePINN|loco|15|3,E3,EnergyPhasePINN,,,,,,,
0.9769808053970337,5.4243011474609375,7.148962316373456,loco,15,4,583,117.0,E3|EnergyPhasePINN|loco|15|4,E3,EnergyPhasePINN,,,,,,,
0.9791749119758606,5.146628379821777,6.56841948428116,loco,16,0,583,177.0,E3|EnergyPhasePINN|loco|16|0,E3,EnergyPhasePINN,,,,,,,
0.9769595265388489,5.468634128570557,6.90896760109557,loco,16,1,583,102.0,E3|EnergyPhasePINN|loco|16|1,E3,EnergyPhasePINN,,,,,,,
0.9447591304779053,8.092630386352539,10.697872014433853,loco,16,2,583,38.0,E3|EnergyPhasePINN|loco|16|2,E3,EnergyPhasePINN,,,,,,,
0.9325520992279053,9.67178726196289,11.820924368664555,loco,16,3,583,37.0,E3|EnergyPhasePINN|loco|16|3,E3,EnergyPhasePINN,,,,,,,
0.9742549657821655,5.677414894104004,7.303213629717336,loco,16,4,583,128.0,E3|EnergyPhasePINN|loco|16|4,E3,EnergyPhasePINN,,,,,,,
0.9398104548454285,8.934867858886719,11.076781284207252,loco,17,0,580,132.0,E3|EnergyPhasePINN|loco|17|0,E3,EnergyPhasePINN,,,,,,,
0.9220014810562134,9.943790435791016,12.609456077419017,loco,17,1,580,116.0,E3|EnergyPhasePINN|loco|17|1,E3,EnergyPhasePINN,,,,,,,
0.9526481628417969,7.435028076171875,9.824747205593058,loco,17,2,580,35.0,E3|EnergyPhasePINN|loco|17|2,E3,EnergyPhasePINN,,,,,,,
0.9546020030975342,7.81522274017334,9.619923231171484,loco,17,3,580,37.0,E3|EnergyPhasePINN|loco|17|3,E3,EnergyPhasePINN,,,,,,,
0.9772388935089111,5.515152931213379,6.811609332455734,loco,17,4,580,152.0,E3|EnergyPhasePINN|loco|17|4,E3,EnergyPhasePINN,,,,,,,
0.9762958884239197,5.311188697814941,6.847475196372851,loco,0,0,557,355.0,E3|PhasePINN|loco|0|0,E3,PhasePINN,,,,,,,
0.9647507071495056,6.65222692489624,8.350143668943199,loco,0,1,557,103.0,E3|PhasePINN|loco|0|1,E3,PhasePINN,,,,,,,
0.9626390337944031,6.5645952224731445,8.596620614307003,loco,0,2,557,102.0,E3|PhasePINN|loco|0|2,E3,PhasePINN,,,,,,,
0.9737974405288696,5.555575370788574,7.199305649231368,loco,0,3,557,85.0,E3|PhasePINN|loco|0|3,E3,PhasePINN,,,,,,,
0.9600891470909119,7.074830532073975,8.885139368581738,loco,0,4,557,82.0,E3|PhasePINN|loco|0|4,E3,PhasePINN,,,,,,,
0.9790366888046265,5.232176303863525,6.746920978341771,loco,1,0,597,448.0,E3|PhasePINN|loco|1|0,E3,PhasePINN,,,,,,,
0.9820824861526489,4.724655628204346,6.237557499989385,loco,1,1,597,94.0,E3|PhasePINN|loco|1|1,E3,PhasePINN,,,,,,,
0.9743368625640869,5.661120414733887,7.465012129756529,loco,1,2,597,66.0,E3|PhasePINN|loco|1|2,E3,PhasePINN,,,,,,,
0.981736958026886,4.850198268890381,6.297415054675181,loco,1,3,597,99.0,E3|PhasePINN|loco|1|3,E3,PhasePINN,,,,,,,
0.9795276522636414,5.037482261657715,6.667444406284066,loco,1,4,597,72.0,E3|PhasePINN|loco|1|4,E3,PhasePINN,,,,,,,
0.9713948965072632,5.785073280334473,7.549163408223622,loco,2,0,556,223.0,E3|PhasePINN|loco|2|0,E3,PhasePINN,,,,,,,
0.9636622667312622,6.817464351654053,8.508551391238331,loco,2,1,556,102.0,E3|PhasePINN|loco|2|1,E3,PhasePINN,,,,,,,
0.9606491923332214,6.739953994750977,8.8542879223468,loco,2,2,556,115.0,E3|PhasePINN|loco|2|2,E3,PhasePINN,,,,,,,
0.9700643420219421,6.064904689788818,7.72273972909484,loco,2,3,556,107.0,E3|PhasePINN|loco|2|3,E3,PhasePINN,,,,,,,
0.9540172219276428,7.4377827644348145,9.571378288868997,loco,2,4,556,79.0,E3|PhasePINN|loco|2|4,E3,PhasePINN,,,,,,,
0.9739281535148621,5.433467864990234,7.217304563925304,loco,3,0,579,174.0,E3|PhasePINN|loco|3|0,E3,PhasePINN,,,,,,,
0.9770062565803528,5.101720809936523,6.777881823020813,loco,3,1,579,107.0,E3|PhasePINN|loco|3|1,E3,PhasePINN,,,,,,,
0.9711235165596008,5.7824506759643555,7.595585856239907,loco,3,2,579,135.0,E3|PhasePINN|loco|3|2,E3,PhasePINN,,,,,,,
0.9681064486503601,6.061171054840088,7.98252892101579,loco,3,3,579,134.0,E3|PhasePINN|loco|3|3,E3,PhasePINN,,,,,,,
0.970084547996521,5.834641456604004,7.7310201747968055,loco,3,4,579,83.0,E3|PhasePINN|loco|3|4,E3,PhasePINN,,,,,,,
0.9351791739463806,8.9046630859375,11.607145647321094,loco,4,0,1126,211.0,E3|PhasePINN|loco|4|0,E3,PhasePINN,,,,,,,
0.9441025257110596,9.324377059936523,10.778648350044,loco,4,1,1126,525.0,E3|PhasePINN|loco|4|1,E3,PhasePINN,,,,,,,
0.7659260034561157,19.341135025024414,22.056915873299168,loco,4,2,1126,101.0,E3|PhasePINN|loco|4|2,E3,PhasePINN,,,,,,,
0.8800691366195679,13.358689308166504,15.78824054252756,loco,4,3,1126,108.0,E3|PhasePINN|loco|4|3,E3,PhasePINN,,,,,,,
0.9592840671539307,7.246710300445557,9.19920796841194,loco,4,4,1126,84.0,E3|PhasePINN|loco|4|4,E3,PhasePINN,,,,,,,
0.9740014672279358,6.129238605499268,8.101198046587866,loco,5,0,560,172.0,E3|PhasePINN|loco|5|0,E3,PhasePINN,,,,,,,
0.9657241106033325,7.068811893463135,9.301846343492738,loco,5,1,560,57.0,E3|PhasePINN|loco|5|1,E3,PhasePINN,,,,,,,
0.9587258696556091,8.08963394165039,10.20736536120793,loco,5,2,560,39.0,E3|PhasePINN|loco|5|2,E3,PhasePINN,,,,,,,
0.9577481150627136,8.062883377075195,10.327565418960567,loco,5,3,560,89.0,E3|PhasePINN|loco|5|3,E3,PhasePINN,,,,,,,
0.9640018343925476,7.279314994812012,9.532682317455425,loco,5,4,560,530.0,E3|PhasePINN|loco|5|4,E3,PhasePINN,,,,,,,
0.9764227867126465,5.753292560577393,7.568207155727303,loco,6,0,465,230.0,E3|PhasePINN|loco|6|0,E3,PhasePINN,,,,,,,
0.974917471408844,5.831432342529297,7.806073284363247,loco,6,1,465,800.0,E3|PhasePINN|loco|6|1,E3,PhasePINN,,,,,,,
0.9594215750694275,7.947452545166016,9.928747773442169,loco,6,2,465,39.0,E3|PhasePINN|loco|6|2,E3,PhasePINN,,,,,,,
0.9742711782455444,6.335366249084473,7.905994516700331,loco,6,3,465,77.0,E3|PhasePINN|loco|6|3,E3,PhasePINN,,,,,,,
0.9763296246528625,5.706157684326172,7.583149107766839,loco,6,4,465,611.0,E3|PhasePINN|loco|6|4,E3,PhasePINN,,,,,,,
0.9839655756950378,4.888312339782715,6.218343596861068,loco,7,0,373,154.0,E3|PhasePINN|loco|7|0,E3,PhasePINN,,,,,,,
0.985386848449707,4.528344631195068,5.936357890257351,loco,7,1,373,535.0,E3|PhasePINN|loco|7|1,E3,PhasePINN,,,,,,,
0.9798504114151001,5.352057456970215,6.9707813809000445,loco,7,2,373,60.0,E3|PhasePINN|loco|7|2,E3,PhasePINN,,,,,,,
0.9832106828689575,5.1570892333984375,6.363041750883482,loco,7,3,373,77.0,E3|PhasePINN|loco|7|3,E3,PhasePINN,,,,,,,
0.9850412011146545,4.668012619018555,6.006149637294776,loco,7,4,373,252.0,E3|PhasePINN|loco|7|4,E3,PhasePINN,,,,,,,
0.9814924001693726,4.896469593048096,6.905988455260366,loco,8,0,318,86.0,E3|PhasePINN|loco|8|0,E3,PhasePINN,,,,,,,
0.9802511930465698,5.025123596191406,7.1338074440428825,loco,8,1,318,363.0,E3|PhasePINN|loco|8|1,E3,PhasePINN,,,,,,,
0.9717367887496948,6.393504619598389,8.534176502692077,loco,8,2,318,85.0,E3|PhasePINN|loco|8|2,E3,PhasePINN,,,,,,,
0.9770574569702148,5.518592357635498,7.68903465769827,loco,8,3,318,115.0,E3|PhasePINN|loco|8|3,E3,PhasePINN,,,,,,,
0.9789164066314697,5.30826997756958,7.370940303367715,loco,8,4,318,411.0,E3|PhasePINN|loco|8|4,E3,PhasePINN,,,,,,,
0.9859760999679565,4.643246173858643,5.996402615721695,loco,9,0,284,84.0,E3|PhasePINN|loco|9|0,E3,PhasePINN,,,,,,,
0.9849562048912048,4.661149024963379,6.210615348858324,loco,9,1,284,393.0,E3|PhasePINN|loco|9|1,E3,PhasePINN,,,,,,,
0.984367847442627,4.730431079864502,6.330906386244131,loco,9,2,284,107.0,E3|PhasePINN|loco|9|2,E3,PhasePINN,,,,,,,
0.9861969351768494,4.591502666473389,5.948996246044304,loco,9,3,284,76.0,E3|PhasePINN|loco|9|3,E3,PhasePINN,,,,,,,
0.9852306246757507,4.700722694396973,6.153711405525937,loco,9,4,284,322.0,E3|PhasePINN|loco|9|4,E3,PhasePINN,,,,,,,
0.9688325524330139,6.592449188232422,9.548376087109206,loco,10,0,228,82.0,E3|PhasePINN|loco|10|0,E3,PhasePINN,,,,,,,
0.9823938012123108,5.205237865447998,7.17647788747271,loco,10,1,228,68.0,E3|PhasePINN|loco|10|1,E3,PhasePINN,,,,,,,
0.9460530281066895,9.788987159729004,12.562100987716423,loco,10,2,228,41.0,E3|PhasePINN|loco|10|2,E3,PhasePINN,,,,,,,
0.966321587562561,7.87829065322876,9.925549116726726,loco,10,3,228,84.0,E3|PhasePINN|loco|10|3,E3,PhasePINN,,,,,,,
0.9682984352111816,7.510960578918457,9.629844734310808,loco,10,4,228,315.0,E3|PhasePINN|loco|10|4,E3,PhasePINN,,,,,,,
0.9813269972801208,4.91895055770874,6.480886968968138,loco,11,0,469,77.0,E3|PhasePINN|loco|11|0,E3,PhasePINN,,,,,,,
0.9818273782730103,4.931931495666504,6.393465413521565,loco,11,1,469,330.0,E3|PhasePINN|loco|11|1,E3,PhasePINN,,,,,,,
0.9483442306518555,8.278621673583984,10.779207163231955,loco,11,2,469,38.0,E3|PhasePINN|loco|11|2,E3,PhasePINN,,,,,,,
0.983677864074707,4.565221309661865,6.0592145374253645,loco,11,3,469,140.0,E3|PhasePINN|loco|11|3,E3,PhasePINN,,,,,,,
0.9799037575721741,5.342615604400635,6.723334021706169,loco,11,4,469,284.0,E3|PhasePINN|loco|11|4,E3,PhasePINN,,,,,,,
0.9725294709205627,5.676083564758301,7.448489236942065,loco,12,0,456,104.0,E3|PhasePINN|loco|12|0,E3,PhasePINN,,,,,,,
0.9499145150184631,7.733525276184082,10.057517008509846,loco,12,1,456,107.0,E3|PhasePINN|loco|12|1,E3,PhasePINN,,,,,,,
0.9730768799781799,5.745581150054932,7.3739030959795295,loco,12,2,456,88.0,E3|PhasePINN|loco|12|2,E3,PhasePINN,,,,,,,
0.9633224606513977,6.528872966766357,8.606663770293505,loco,12,3,456,145.0,E3|PhasePINN|loco|12|3,E3,PhasePINN,,,,,,,
0.956574559211731,7.097515106201172,9.36498569957906,loco,12,4,456,73.0,E3|PhasePINN|loco|12|4,E3,PhasePINN,,,,,,,
0.9750181436538696,5.325809001922607,6.8542124583406565,loco,13,0,463,221.0,E3|PhasePINN|loco|13|0,E3,PhasePINN,,,,,,,
0.971544086933136,6.027454376220703,7.315285698193298,loco,13,1,463,69.0,E3|PhasePINN|loco|13|1,E3,PhasePINN,,,,,,,
0.9713793396949768,5.766520977020264,7.336433044531554,loco,13,2,463,88.0,E3|PhasePINN|loco|13|2,E3,PhasePINN,,,,,,,
0.9729700684547424,5.406707763671875,7.1296342201089695,loco,13,3,463,81.0,E3|PhasePINN|loco|13|3,E3,PhasePINN,,,,,,,
0.9753702282905579,5.341858386993408,6.8057405027141025,loco,13,4,463,579.0,E3|PhasePINN|loco|13|4,E3,PhasePINN,,,,,,,
0.93936687707901,7.451196193695068,9.538662188953987,loco,14,0,462,74.0,E3|PhasePINN|loco|14|0,E3,PhasePINN,,,,,,,
0.9128205180168152,9.376327514648438,11.437726795053344,loco,14,1,462,108.0,E3|PhasePINN|loco|14|1,E3,PhasePINN,,,,,,,
0.937267005443573,7.5654425621032715,9.70242872212469,loco,14,2,462,381.0,E3|PhasePINN|loco|14|2,E3,PhasePINN,,,,,,,
0.9574682116508484,5.953560829162598,7.988945237150976,loco,14,3,462,192.0,E3|PhasePINN|loco|14|3,E3,PhasePINN,,,,,,,
0.9477203488349915,6.920252323150635,8.857248094698214,loco,14,4,462,86.0,E3|PhasePINN|loco|14|4,E3,PhasePINN,,,,,,,
0.9794197678565979,5.069268703460693,6.75962905723791,loco,15,0,583,138.0,E3|PhasePINN|loco|15|0,E3,PhasePINN,,,,,,,
0.9810537099838257,4.754787921905518,6.485747925063149,loco,15,1,583,122.0,E3|PhasePINN|loco|15|1,E3,PhasePINN,,,,,,,
0.9016176462173462,12.129463195800781,14.779390181787198,loco,15,2,583,40.0,E3|PhasePINN|loco|15|2,E3,PhasePINN,,,,,,,
0.9799307584762573,4.975522994995117,6.675185800316722,loco,15,3,583,94.0,E3|PhasePINN|loco|15|3,E3,PhasePINN,,,,,,,
0.9796574711799622,5.053772449493408,6.720477498664704,loco,15,4,583,299.0,E3|PhasePINN|loco|15|4,E3,PhasePINN,,,,,,,
0.9610618352890015,6.949942588806152,8.981624918779486,loco,16,0,583,136.0,E3|PhasePINN|loco|16|0,E3,PhasePINN,,,,,,,
0.9741214513778687,5.7559919357299805,7.3221241796654475,loco,16,1,583,267.0,E3|PhasePINN|loco|16|1,E3,PhasePINN,,,,,,,
0.8955012559890747,11.835821151733398,14.713732080718476,loco,16,2,583,40.0,E3|PhasePINN|loco|16|2,E3,PhasePINN,,,,,,,
0.9740595817565918,5.755489349365234,7.330870156883156,loco,16,3,583,231.0,E3|PhasePINN|loco|16|3,E3,PhasePINN,,,,,,,
0.9783192276954651,5.271615028381348,6.702000379142876,loco,16,4,583,268.0,E3|PhasePINN|loco|16|4,E3,PhasePINN,,,,,,,
0.9616761803627014,6.828202247619629,8.838683277644897,loco,17,0,580,108.0,E3|PhasePINN|loco|17|0,E3,PhasePINN,,,,,,,
0.9548924565315247,7.150320529937744,9.589098669502626,loco,17,1,580,90.0,E3|PhasePINN|loco|17|1,E3,PhasePINN,,,,,,,
0.9433830976486206,8.944031715393066,10.743014172736858,loco,17,2,580,443.0,E3|PhasePINN|loco|17|2,E3,PhasePINN,,,,,,,
0.9062446355819702,11.601520538330078,13.82455539643788,loco,17,3,580,101.0,E3|PhasePINN|loco|17|3,E3,PhasePINN,,,,,,,
0.9401836395263672,8.068561553955078,11.04239219345174,loco,17,4,580,62.0,E3|PhasePINN|loco|17|4,E3,PhasePINN,,,,,,,
0.9416028376486102,8.217273232839087,10.747676173999823,loco,0,0,557,,E3|GPR|loco|0|0,E3,GPR,3000.0,,,,,,
0.9191810561057937,10.426218153580574,12.643732123175068,loco,0,1,557,,E3|GPR|loco|0|1,E3,GPR,3000.0,,,,,,
0.931776548422848,9.356772033038592,11.616774105893352,loco,0,2,557,,E3|GPR|loco|0|2,E3,GPR,3000.0,,,,,,
0.9733590863598894,5.853370940347052,7.605894022675721,loco,1,0,597,,E3|GPR|loco|1|0,E3,GPR,3000.0,,,,,,
0.9770153838854139,5.529279841103672,7.06471001047821,loco,1,1,597,,E3|GPR|loco|1|1,E3,GPR,3000.0,,,,,,
0.972453755295464,5.951681553432195,7.734048889618765,loco,1,2,597,,E3|GPR|loco|1|2,E3,GPR,3000.0,,,,,,
0.9642780908544237,6.234855092794085,8.436148041375633,loco,2,0,556,,E3|GPR|loco|2|0,E3,GPR,3000.0,,,,,,
0.9663236910175164,6.200238690029866,8.191041085624422,loco,2,1,556,,E3|GPR|loco|2|1,E3,GPR,3000.0,,,,,,
0.9635934888115768,6.458743561806377,8.516602799718296,loco,2,2,556,,E3|GPR|loco|2|2,E3,GPR,3000.0,,,,,,
0.9507300027722972,7.841217829003441,9.921564646463784,loco,3,0,579,,E3|GPR|loco|3|0,E3,GPR,3000.0,,,,,,
0.9417794055173639,8.703454488529273,10.785175472831048,loco,3,1,579,,E3|GPR|loco|3|1,E3,GPR,3000.0,,,,,,
0.9270025639251835,9.184385796462628,12.076544911155905,loco,3,2,579,,E3|GPR|loco|3|2,E3,GPR,3000.0,,,,,,
0.952460963178925,6.760399181447304,9.940160529414529,loco,4,0,1126,,E3|GPR|loco|4|0,E3,GPR,3000.0,,,,,,
0.9378831996215055,7.584542450771308,11.362469947701339,loco,4,1,1126,,E3|GPR|loco|4|1,E3,GPR,3000.0,,,,,,
0.9162630017772055,9.393043366634464,13.192493933938739,loco,4,2,1126,,E3|GPR|loco|4|2,E3,GPR,3000.0,,,,,,
0.9794722069481898,5.261282466818832,7.198565347564178,loco,5,0,560,,E3|GPR|loco|5|0,E3,GPR,3000.0,,,,,,
0.9782372357316702,5.251569627476694,7.411939231762331,loco,5,1,560,,E3|GPR|loco|5|1,E3,GPR,3000.0,,,,,,
0.9763764039379565,5.498502982242755,7.722320551491233,loco,5,2,560,,E3|GPR|loco|5|2,E3,GPR,3000.0,,,,,,
0.9631932146225632,7.444354286284865,9.456071418491797,loco,6,0,465,,E3|GPR|loco|6|0,E3,GPR,3000.0,,,,,,
0.9805655025004908,5.226370643338126,6.871213724752647,loco,6,1,465,,E3|GPR|loco|6|1,E3,GPR,3000.0,,,,,,
0.9629398359715818,7.434730581720031,9.48856348831976,loco,6,2,465,,E3|GPR|loco|6|2,E3,GPR,3000.0,,,,,,
0.9831944253446309,4.898969787476479,6.366119370714207,loco,7,0,373,,E3|GPR|loco|7|0,E3,GPR,3000.0,,,,,,
0.9819754278598615,5.09418702614809,6.592962055612997,loco,7,1,373,,E3|GPR|loco|7|1,E3,GPR,3000.0,,,,,,
-0.004470405923293841,43.52658026001598,49.21717328433771,loco,7,2,373,,E3|GPR|loco|7|2,E3,GPR,3000.0,,,,,,
0.9787616654116023,5.443857973388159,7.397943551512735,loco,8,0,318,,E3|GPR|loco|8|0,E3,GPR,3000.0,,,,,,
0.9762703927615721,5.9356118559542095,7.819807443193245,loco,8,1,318,,E3|GPR|loco|8|1,E3,GPR,3000.0,,,,,,
0.9758502904668896,5.771517456396833,7.888723599469256,loco,8,2,318,,E3|GPR|loco|8|2,E3,GPR,3000.0,,,,,,
0.9344803893287001,10.135840322712,12.961097067551625,loco,9,0,284,,E3|GPR|loco|9|0,E3,GPR,3000.0,,,,,,
0.9673125683738076,7.025001411405191,9.154750399960262,loco,9,1,284,,E3|GPR|loco|9|1,E3,GPR,3000.0,,,,,,
0.970914461154809,6.71826931998731,8.63564272005868,loco,9,2,284,,E3|GPR|loco|9|2,E3,GPR,3000.0,,,,,,
0.8574452649726302,16.10405419386859,20.420649445071557,loco,10,0,228,,E3|GPR|loco|10|0,E3,GPR,3000.0,,,,,,
0.8195888878764537,18.58260240396785,22.972611507109157,loco,10,1,228,,E3|GPR|loco|10|1,E3,GPR,3000.0,,,,,,
0.6533097404883329,26.505731887873242,31.84560811091645,loco,10,2,228,,E3|GPR|loco|10|2,E3,GPR,3000.0,,,,,,
0.9836376328405179,4.6767498847074425,6.066671672918423,loco,11,0,469,,E3|GPR|loco|11|0,E3,GPR,3000.0,,,,,,
0.980793538036432,4.8315360920330885,6.572810480410161,loco,11,1,469,,E3|GPR|loco|11|1,E3,GPR,3000.0,,,,,,
0.9831711784523327,4.627656386256692,6.152537613066354,loco,11,2,469,,E3|GPR|loco|11|2,E3,GPR,3000.0,,,,,,
0.9775321928186904,5.166543801393098,6.736203230133703,loco,12,0,456,,E3|GPR|loco|12|0,E3,GPR,3000.0,,,,,,
0.9755240110755018,5.421007544424866,7.030803515866504,loco,12,1,456,,E3|GPR|loco|12|1,E3,GPR,3000.0,,,,,,
0.972326899283095,5.645230847697566,7.475904572039471,loco,12,2,456,,E3|GPR|loco|12|2,E3,GPR,3000.0,,,,,,
0.9719755028309717,5.432959753906115,7.259620569445115,loco,13,0,463,,E3|GPR|loco|13|0,E3,GPR,3000.0,,,,,,
0.9718909273134054,5.641877399747874,7.270566771649053,loco,13,1,463,,E3|GPR|loco|13|1,E3,GPR,3000.0,,,,,,
0.9722426490272564,5.468674480913823,7.2249362002242465,loco,13,2,463,,E3|GPR|loco|13|2,E3,GPR,3000.0,,,,,,
0.955967357024419,6.108176654842148,8.128677696813293,loco,14,0,462,,E3|GPR|loco|14|0,E3,GPR,3000.0,,,,,,
0.9382637085765649,7.085330862434022,9.625045600640139,loco,14,1,462,,E3|GPR|loco|14|1,E3,GPR,3000.0,,,,,,
0.9468290466225958,6.60379969303824,8.932432660032473,loco,14,2,462,,E3|GPR|loco|14|2,E3,GPR,3000.0,,,,,,
0.8801686237785352,13.089166199706787,16.311099571549274,loco,15,0,583,,E3|GPR|loco|15|0,E3,GPR,3000.0,,,,,,
0.8158931089484964,16.79919755578362,20.217757703310657,loco,15,1,583,,E3|GPR|loco|15|1,E3,GPR,3000.0,,,,,,
0.8680079918220706,14.10206910616194,17.11873951419412,loco,15,2,583,,E3|GPR|loco|15|2,E3,GPR,3000.0,,,,,,
0.27487116935927414,34.61323592705648,38.759203710722154,loco,16,0,583,,E3|GPR|loco|16|0,E3,GPR,3000.0,,,,,,
0.1693940959476955,36.917209545829444,41.482485173339136,loco,16,1,583,,E3|GPR|loco|16|1,E3,GPR,3000.0,,,,,,
0.22969921532362947,35.48255015622381,39.9482197182227,loco,16,2,583,,E3|GPR|loco|16|2,E3,GPR,3000.0,,,,,,
-0.0014409065331055793,39.96055358985741,45.18203215207408,loco,17,0,580,,E3|GPR|loco|17|0,E3,GPR,3000.0,,,,,,
-0.002381635652375591,40.031692723975084,45.20324861921873,loco,17,1,580,,E3|GPR|loco|17|1,E3,GPR,3000.0,,,,,,
-0.0025845685191434598,40.02368384387076,45.20782410238243,loco,17,2,580,,E3|GPR|loco|17|2,E3,GPR,3000.0,,,,,,
0.9838693737983704,4.477421283721924,5.922909447496407,random,0,0,1847,792.0,E1|EnergyPhasePINN|random|0|0,E1,EnergyPhasePINN,,,,,,,
0.9848711490631104,4.346410751342773,5.786611019927577,random,0,1,1847,798.0,E1|EnergyPhasePINN|random|0|1,E1,EnergyPhasePINN,,,,,,,
0.9840654730796814,4.390397071838379,5.931718762347549,random,0,2,1847,800.0,E1|EnergyPhasePINN|random|0|2,E1,EnergyPhasePINN,,,,,,,
0.9837881326675415,4.454383373260498,5.898791897465902,random,0,3,1847,798.0,E1|EnergyPhasePINN|random|0|3,E1,EnergyPhasePINN,,,,,,,
0.9837605357170105,4.460635185241699,5.9867713054753064,random,0,4,1847,572.0,E1|EnergyPhasePINN|random|0|4,E1,EnergyPhasePINN,,,,,,,
0.9824227690696716,4.701619625091553,6.182792953911484,random,0,0,1847,799.0,E1|PhasePINN|random|0|0,E1,PhasePINN,,,,,,,
0.9826710820198059,4.683000564575195,6.193085586525609,random,0,1,1847,787.0,E1|PhasePINN|random|0|1,E1,PhasePINN,,,,,,,
0.9822000861167908,4.611555576324463,6.269313116824451,random,0,2,1847,737.0,E1|PhasePINN|random|0|2,E1,PhasePINN,,,,,,,
0.9813002943992615,4.770172119140625,6.335250196326016,random,0,3,1847,792.0,E1|PhasePINN|random|0|3,E1,PhasePINN,,,,,,,
0.9827461838722229,4.631665229797363,6.170918141807637,random,0,4,1847,798.0,E1|PhasePINN|random|0|4,E1,PhasePINN,,,,,,,
0.9847692615424835,4.36164362194353,5.755328960642948,random,0,0,1847,,E1|GPR|random|0|0,E1,GPR,3000.0,,,,,,
0.9842275427886796,4.472952693042488,5.908418573686159,random,0,1,1847,,E1|GPR|random|0|1,E1,GPR,3000.0,,,,,,
0.9844662276040083,4.349433327175843,5.856651972343864,random,0,2,1847,,E1|GPR|random|0|2,E1,GPR,3000.0,,,,,,
0.7152056694030762,13.101088523864746,24.39587822792446,loco,0,0,523,310.0,E2|EnergyPhasePINN_oldfilter|loco|0|0,E2,EnergyPhasePINN_oldfilter,,,,,,,
0.7045577764511108,11.928144454956055,24.847749285020765,loco,0,1,523,77.0,E2|EnergyPhasePINN_oldfilter|loco|0|1,E2,EnergyPhasePINN_oldfilter,,,,,,,
0.715099036693573,11.893790245056152,24.40044495223781,loco,0,2,523,100.0,E2|EnergyPhasePINN_oldfilter|loco|0|2,E2,EnergyPhasePINN_oldfilter,,,,,,,
0.7728058099746704,10.101573944091797,21.6477925573815,loco,1,0,524,319.0,E2|EnergyPhasePINN_oldfilter|loco|1|0,E2,EnergyPhasePINN_oldfilter,,,,,,,
0.7773340940475464,9.38644790649414,21.43097411718208,loco,1,1,524,82.0,E2|EnergyPhasePINN_oldfilter|loco|1|1,E2,EnergyPhasePINN_oldfilter,,,,,,,
0.7777382135391235,9.352092742919922,21.41151851224009,loco,1,2,524,161.0,E2|EnergyPhasePINN_oldfilter|loco|1|2,E2,EnergyPhasePINN_oldfilter,,,,,,,
0.7056838870048523,14.365367889404297,24.9871011645884,loco,2,0,591,317.0,E2|EnergyPhasePINN_oldfilter|loco|2|0,E2,EnergyPhasePINN_oldfilter,,,,,,,
0.690407931804657,13.71314811706543,25.62735436021257,loco,2,1,591,81.0,E2|EnergyPhasePINN_oldfilter|loco|2|1,E2,EnergyPhasePINN_oldfilter,,,,,,,
0.7017613649368286,13.637943267822266,25.153056862561456,loco,2,2,591,108.0,E2|EnergyPhasePINN_oldfilter|loco|2|2,E2,EnergyPhasePINN_oldfilter,,,,,,,
0.7720003128051758,8.161669731140137,20.14839130350462,loco,3,0,483,287.0,E2|EnergyPhasePINN_oldfilter|loco|3|0,E2,EnergyPhasePINN_oldfilter,,,,,,,
0.7978363037109375,7.886221885681152,18.97251188628935,loco,3,1,483,79.0,E2|EnergyPhasePINN_oldfilter|loco|3|1,E2,EnergyPhasePINN_oldfilter,,,,,,,
0.7881451845169067,7.963022232055664,19.421933923633464,loco,3,2,483,183.0,E2|EnergyPhasePINN_oldfilter|loco|3|2,E2,EnergyPhasePINN_oldfilter,,,,,,,
0.788074254989624,12.866290092468262,20.828766019533763,loco,4,0,1114,227.0,E2|EnergyPhasePINN_oldfilter|loco|4|0,E2,EnergyPhasePINN_oldfilter,,,,,,,
0.8163605332374573,8.198188781738281,19.38896925847916,loco,4,1,1114,89.0,E2|EnergyPhasePINN_oldfilter|loco|4|1,E2,EnergyPhasePINN_oldfilter,,,,,,,
0.7827771902084351,13.941234588623047,21.087464341256158,loco,4,2,1114,74.0,E2|EnergyPhasePINN_oldfilter|loco|4|2,E2,EnergyPhasePINN_oldfilter,,,,,,,
0.6987468600273132,16.020639419555664,27.82686602289683,loco,5,0,587,267.0,E2|EnergyPhasePINN_oldfilter|loco|5|0,E2,EnergyPhasePINN_oldfilter,,,,,,,
0.6971919536590576,15.868675231933594,27.898587361330904,loco,5,1,587,90.0,E2|EnergyPhasePINN_oldfilter|loco|5|1,E2,EnergyPhasePINN_oldfilter,,,,,,,
0.6867685317993164,17.101320266723633,28.374694553697402,loco,5,2,587,74.0,E2|EnergyPhasePINN_oldfilter|loco|5|2,E2,EnergyPhasePINN_oldfilter,,,,,,,
0.6817566156387329,16.61458969116211,28.210463683365234,loco,6,0,497,263.0,E2|EnergyPhasePINN_oldfilter|loco|6|0,E2,EnergyPhasePINN_oldfilter,,,,,,,
0.6816263198852539,15.767721176147461,28.21624089066437,loco,6,1,497,85.0,E2|EnergyPhasePINN_oldfilter|loco|6|1,E2,EnergyPhasePINN_oldfilter,,,,,,,
0.6772318482398987,15.626697540283203,28.41030421769868,loco,6,2,497,74.0,E2|EnergyPhasePINN_oldfilter|loco|6|2,E2,EnergyPhasePINN_oldfilter,,,,,,,
0.9528809189796448,6.459486961364746,9.775124286144413,loco,7,0,310,263.0,E2|EnergyPhasePINN_oldfilter|loco|7|0,E2,EnergyPhasePINN_oldfilter,,,,,,,
0.9517290592193604,6.274636745452881,9.89388507068847,loco,7,1,310,86.0,E2|EnergyPhasePINN_oldfilter|loco|7|1,E2,EnergyPhasePINN_oldfilter,,,,,,,
0.9638270735740662,5.86681604385376,8.564770474094784,loco,7,2,310,126.0,E2|EnergyPhasePINN_oldfilter|loco|7|2,E2,EnergyPhasePINN_oldfilter,,,,,,,
0.6114588379859924,18.051816940307617,32.10350653489331,loco,8,0,333,227.0,E2|EnergyPhasePINN_oldfilter|loco|8|0,E2,EnergyPhasePINN_oldfilter,,,,,,,
0.5977087020874023,18.752613067626953,32.666625146125824,loco,8,1,333,86.0,E2|EnergyPhasePINN_oldfilter|loco|8|1,E2,EnergyPhasePINN_oldfilter,,,,,,,
0.5845611095428467,18.2714786529541,33.19613345507557,loco,8,2,333,72.0,E2|EnergyPhasePINN_oldfilter|loco|8|2,E2,EnergyPhasePINN_oldfilter,,,,,,,
0.5968920588493347,16.631282806396484,32.37101432391909,loco,9,0,286,214.0,E2|EnergyPhasePINN_oldfilter|loco|9|0,E2,EnergyPhasePINN_oldfilter,,,,,,,
0.5951000452041626,17.118513107299805,32.44288664028969,loco,9,1,286,86.0,E2|EnergyPhasePINN_oldfilter|loco|9|1,E2,EnergyPhasePINN_oldfilter,,,,,,,
0.5541967749595642,17.976890563964844,34.04216888941291,loco,9,2,286,66.0,E2|EnergyPhasePINN_oldfilter|loco|9|2,E2,EnergyPhasePINN_oldfilter,,,,,,,
0.492695152759552,26.680065155029297,39.49630217807975,loco,10,0,264,292.0,E2|EnergyPhasePINN_oldfilter|loco|10|0,E2,EnergyPhasePINN_oldfilter,,,,,,,
0.4414847493171692,26.158588409423828,41.441880306754605,loco,10,1,264,79.0,E2|EnergyPhasePINN_oldfilter|loco|10|1,E2,EnergyPhasePINN_oldfilter,,,,,,,
0.4625646471977234,27.8291015625,40.65229251492159,loco,10,2,264,71.0,E2|EnergyPhasePINN_oldfilter|loco|10|2,E2,EnergyPhasePINN_oldfilter,,,,,,,
0.6676126718521118,16.236257553100586,27.988680049932686,loco,11,0,508,185.0,E2|EnergyPhasePINN_oldfilter|loco|11|0,E2,EnergyPhasePINN_oldfilter,,,,,,,
0.6606287360191345,16.74371337890625,28.281191729912347,loco,11,1,508,85.0,E2|EnergyPhasePINN_oldfilter|loco|11|1,E2,EnergyPhasePINN_oldfilter,,,,,,,
0.6608923673629761,15.543282508850098,28.27020243477441,loco,11,2,508,72.0,E2|EnergyPhasePINN_oldfilter|loco|11|2,E2,EnergyPhasePINN_oldfilter,,,,,,,
0.6321283578872681,15.437031745910645,27.859921606738123,loco,12,0,490,208.0,E2|EnergyPhasePINN_oldfilter|loco|12|0,E2,EnergyPhasePINN_oldfilter,,,,,,,
0.6285949945449829,16.10955238342285,27.993396525313564,loco,12,1,490,91.0,E2|EnergyPhasePINN_oldfilter|loco|12|1,E2,EnergyPhasePINN_oldfilter,,,,,,,
0.6201254725456238,16.308622360229492,28.3107785676316,loco,12,2,490,73.0,E2|EnergyPhasePINN_oldfilter|loco|12|2,E2,EnergyPhasePINN_oldfilter,,,,,,,
0.6614550352096558,14.881705284118652,25.567069617539765,loco,13,0,495,195.0,E2|EnergyPhasePINN_oldfilter|loco|13|0,E2,EnergyPhasePINN_oldfilter,,,,,,,
0.6550755500793457,15.161643028259277,25.806838627035955,loco,13,1,495,89.0,E2|EnergyPhasePINN_oldfilter|loco|13|1,E2,EnergyPhasePINN_oldfilter,,,,,,,
0.6561740636825562,14.994525909423828,25.765709094389752,loco,13,2,495,73.0,E2|EnergyPhasePINN_oldfilter|loco|13|2,E2,EnergyPhasePINN_oldfilter,,,,,,,
0.7034757137298584,12.155043601989746,21.320623108309064,loco,14,0,492,191.0,E2|EnergyPhasePINN_oldfilter|loco|14|0,E2,EnergyPhasePINN_oldfilter,,,,,,,
0.6744368076324463,12.790740013122559,22.34021907196959,loco,14,1,492,90.0,E2|EnergyPhasePINN_oldfilter|loco|14|1,E2,EnergyPhasePINN_oldfilter,,,,,,,
0.6806455254554749,13.67391586303711,22.126171016415295,loco,14,2,492,73.0,E2|EnergyPhasePINN_oldfilter|loco|14|2,E2,EnergyPhasePINN_oldfilter,,,,,,,
0.6908888816833496,13.947089195251465,26.881844150315935,loco,15,0,616,198.0,E2|EnergyPhasePINN_oldfilter|loco|15|0,E2,EnergyPhasePINN_oldfilter,,,,,,,
0.6858745813369751,14.539457321166992,27.099001752760078,loco,15,1,616,90.0,E2|EnergyPhasePINN_oldfilter|loco|15|1,E2,EnergyPhasePINN_oldfilter,,,,,,,
0.6757655143737793,14.460721969604492,27.5315958406201,loco,15,2,616,64.0,E2|EnergyPhasePINN_oldfilter|loco|15|2,E2,EnergyPhasePINN_oldfilter,,,,,,,
0.6700954437255859,14.54561710357666,27.01098296403879,loco,16,0,601,248.0,E2|EnergyPhasePINN_oldfilter|loco|16|0,E2,EnergyPhasePINN_oldfilter,,,,,,,
0.6626071929931641,14.581600189208984,27.315816088737858,loco,16,1,601,88.0,E2|EnergyPhasePINN_oldfilter|loco|16|1,E2,EnergyPhasePINN_oldfilter,,,,,,,
0.6468535661697388,14.541135787963867,27.946257104177878,loco,16,2,601,70.0,E2|EnergyPhasePINN_oldfilter|loco|16|2,E2,EnergyPhasePINN_oldfilter,,,,,,,
0.6271655559539795,15.29248332977295,28.473437328513416,loco,17,0,585,323.0,E2|EnergyPhasePINN_oldfilter|loco|17|0,E2,EnergyPhasePINN_oldfilter,,,,,,,
0.6314861178398132,16.318925857543945,28.307976839300526,loco,17,1,585,88.0,E2|EnergyPhasePINN_oldfilter|loco|17|1,E2,EnergyPhasePINN_oldfilter,,,,,,,
0.6121481657028198,18.172834396362305,29.04121784609549,loco,17,2,585,76.0,E2|EnergyPhasePINN_oldfilter|loco|17|2,E2,EnergyPhasePINN_oldfilter,,,,,,,
0.9801939129829407,4.837908744812012,6.259186059363663,loco,0,0,557,255.0,E4|EnergyPhasePINN|loco|0|0,E4,EnergyPhasePINN,3000.0,,,,,,
0.9840415716171265,4.3428754806518555,5.618415199633144,loco,0,1,557,104.0,E4|EnergyPhasePINN|loco|0|1,E4,EnergyPhasePINN,3000.0,,,,,,
0.96389240026474,6.661742687225342,8.451192412804373,loco,0,2,557,60.0,E4|EnergyPhasePINN|loco|0|2,E4,EnergyPhasePINN,3000.0,,,,,,
0.9753356575965881,5.577481746673584,7.318305686018703,loco,1,0,597,198.0,E4|EnergyPhasePINN|loco|1|0,E4,EnergyPhasePINN,3000.0,,,,,,
0.9054127335548401,11.416609764099121,14.331514878950722,loco,1,1,597,35.0,E4|EnergyPhasePINN|loco|1|1,E4,EnergyPhasePINN,3000.0,,,,,,
0.9797671437263489,4.947582244873047,6.6283359405893565,loco,1,2,597,65.0,E4|EnergyPhasePINN|loco|1|2,E4,EnergyPhasePINN,3000.0,,,,,,
0.9671560525894165,6.329914569854736,8.089183093346064,loco,2,0,556,98.0,E4|EnergyPhasePINN|loco|2|0,E4,EnergyPhasePINN,3000.0,,,,,,
0.8360201716423035,14.95037841796875,18.074740898417378,loco,2,1,556,34.0,E4|EnergyPhasePINN|loco|2|1,E4,EnergyPhasePINN,3000.0,,,,,,
0.9712706804275513,5.807494163513184,7.565531225619922,loco,2,2,556,110.0,E4|EnergyPhasePINN|loco|2|2,E4,EnergyPhasePINN,3000.0,,,,,,
0.9691465497016907,5.92075252532959,7.85128847469577,loco,3,0,579,93.0,E4|EnergyPhasePINN|loco|3|0,E4,EnergyPhasePINN,3000.0,,,,,,
0.861209511756897,12.578164100646973,16.652091303358585,loco,3,1,579,34.0,E4|EnergyPhasePINN|loco|3|1,E4,EnergyPhasePINN,3000.0,,,,,,
0.9747665524482727,5.2974772453308105,7.100309725171106,loco,3,2,579,70.0,E4|EnergyPhasePINN|loco|3|2,E4,EnergyPhasePINN,3000.0,,,,,,
0.747306227684021,17.834556579589844,22.917405143167795,loco,4,0,1126,133.0,E4|EnergyPhasePINN|loco|4|0,E4,EnergyPhasePINN,3000.0,,,,,,
0.9314140677452087,8.917488098144531,11.939486193568225,loco,4,1,1126,419.0,E4|EnergyPhasePINN|loco|4|1,E4,EnergyPhasePINN,3000.0,,,,,,
0.7176562547683716,16.98955726623535,24.22463764120438,loco,4,2,1126,52.0,E4|EnergyPhasePINN|loco|4|2,E4,EnergyPhasePINN,3000.0,,,,,,
0.9689673781394958,6.783918857574463,8.850831987314853,loco,5,0,560,123.0,E4|EnergyPhasePINN|loco|5|0,E4,EnergyPhasePINN,3000.0,,,,,,
0.9685328602790833,6.820768356323242,8.912578275318085,loco,5,1,560,71.0,E4|EnergyPhasePINN|loco|5|1,E4,EnergyPhasePINN,3000.0,,,,,,
0.9664704203605652,7.614565372467041,9.2000248452556,loco,5,2,560,36.0,E4|EnergyPhasePINN|loco|5|2,E4,EnergyPhasePINN,3000.0,,,,,,
0.9801027178764343,5.337756156921387,6.952543701561259,loco,6,0,465,130.0,E4|EnergyPhasePINN|loco|6|0,E4,EnergyPhasePINN,3000.0,,,,,,
0.9774488210678101,5.521596908569336,7.401699551454382,loco,6,1,465,101.0,E4|EnergyPhasePINN|loco|6|1,E4,EnergyPhasePINN,3000.0,,,,,,
0.9713085889816284,6.852616786956787,8.348774400867592,loco,6,2,465,36.0,E4|EnergyPhasePINN|loco|6|2,E4,EnergyPhasePINN,3000.0,,,,,,
0.9838314652442932,4.9590911865234375,6.244300074207521,loco,7,0,373,168.0,E4|EnergyPhasePINN|loco|7|0,E4,EnergyPhasePINN,3000.0,,,,,,
0.9834529161453247,4.893517017364502,6.316967280472378,loco,7,1,373,67.0,E4|EnergyPhasePINN|loco|7|1,E4,EnergyPhasePINN,3000.0,,,,,,
0.9550554752349854,8.242774963378906,10.410856493217226,loco,7,2,373,35.0,E4|EnergyPhasePINN|loco|7|2,E4,EnergyPhasePINN,3000.0,,,,,,
0.9841375350952148,4.791073799133301,6.393463921882265,loco,8,0,318,128.0,E4|EnergyPhasePINN|loco|8|0,E4,EnergyPhasePINN,3000.0,,,,,,
0.9796828627586365,5.303016185760498,7.235728720114096,loco,8,1,318,67.0,E4|EnergyPhasePINN|loco|8|1,E4,EnergyPhasePINN,3000.0,,,,,,
0.9611256122589111,8.06192684173584,10.008811501782949,loco,8,2,318,33.0,E4|EnergyPhasePINN|loco|8|2,E4,EnergyPhasePINN,3000.0,,,,,,
0.9848856925964355,4.74612283706665,6.225156924556325,loco,9,0,284,128.0,E4|EnergyPhasePINN|loco|9|0,E4,EnergyPhasePINN,3000.0,,,,,,
0.9837628602981567,4.876573085784912,6.452248576134712,loco,9,1,284,282.0,E4|EnergyPhasePINN|loco|9|1,E4,EnergyPhasePINN,3000.0,,,,,,
0.9606837034225464,7.781806945800781,10.040203151395348,loco,9,2,284,37.0,E4|EnergyPhasePINN|loco|9|2,E4,EnergyPhasePINN,3000.0,,,,,,
0.9650787711143494,8.2802734375,10.10702727943514,loco,10,0,228,178.0,E4|EnergyPhasePINN|loco|10|0,E4,EnergyPhasePINN,3000.0,,,,,,
0.9836136102676392,5.225655555725098,6.923418755528536,loco,10,1,228,207.0,E4|EnergyPhasePINN|loco|10|1,E4,EnergyPhasePINN,3000.0,,,,,,
0.968488872051239,7.3244733810424805,9.600874352374273,loco,10,2,228,35.0,E4|EnergyPhasePINN|loco|10|2,E4,EnergyPhasePINN,3000.0,,,,,,
0.9771407246589661,5.6941938400268555,7.170648873095828,loco,11,0,469,151.0,E4|EnergyPhasePINN|loco|11|0,E4,EnergyPhasePINN,3000.0,,,,,,
0.9794130325317383,5.226431846618652,6.804925189591543,loco,11,1,469,92.0,E4|EnergyPhasePINN|loco|11|1,E4,EnergyPhasePINN,3000.0,,,,,,
0.9557933807373047,8.291613578796387,9.97173970034152,loco,11,2,469,39.0,E4|EnergyPhasePINN|loco|11|2,E4,EnergyPhasePINN,3000.0,,,,,,
0.9754392504692078,5.377790451049805,7.042969833263921,loco,12,0,456,172.0,E4|EnergyPhasePINN|loco|12|0,E4,EnergyPhasePINN,3000.0,,,,,,
0.9725026488304138,5.663023471832275,7.452128409687575,loco,12,1,456,63.0,E4|EnergyPhasePINN|loco|12|1,E4,EnergyPhasePINN,3000.0,,,,,,
0.9505298733711243,8.130302429199219,9.995541532348428,loco,12,2,456,35.0,E4|EnergyPhasePINN|loco|12|2,E4,EnergyPhasePINN,3000.0,,,,,,
0.9710670113563538,5.7363600730896,7.376355321455789,loco,13,0,463,117.0,E4|EnergyPhasePINN|loco|13|0,E4,EnergyPhasePINN,3000.0,,,,,,
0.9634789228439331,6.23296594619751,8.287367378658175,loco,13,1,463,80.0,E4|EnergyPhasePINN|loco|13|1,E4,EnergyPhasePINN,3000.0,,,,,,
0.9602625966072083,7.164557933807373,8.644595236009238,loco,13,2,463,35.0,E4|EnergyPhasePINN|loco|13|2,E4,EnergyPhasePINN,3000.0,,,,,,
0.9394373297691345,7.509827136993408,9.53311809305706,loco,14,0,462,125.0,E4|EnergyPhasePINN|loco|14|0,E4,EnergyPhasePINN,3000.0,,,,,,
0.8631492853164673,10.894980430603027,14.330326622530222,loco,14,1,462,62.0,E4|EnergyPhasePINN|loco|14|1,E4,EnergyPhasePINN,3000.0,,,,,,
0.9035418033599854,9.890645980834961,12.031010930051698,loco,14,2,462,34.0,E4|EnergyPhasePINN|loco|14|2,E4,EnergyPhasePINN,3000.0,,,,,,
0.9747424125671387,5.690398693084717,7.488482469094884,loco,15,0,583,147.0,E4|EnergyPhasePINN|loco|15|0,E4,EnergyPhasePINN,3000.0,,,,,,
0.9731577038764954,6.028793811798096,7.7198315067384495,loco,15,1,583,147.0,E4|EnergyPhasePINN|loco|15|1,E4,EnergyPhasePINN,3000.0,,,,,,
0.9387719035148621,9.233470916748047,11.659322625142012,loco,15,2,583,38.0,E4|EnergyPhasePINN|loco|15|2,E4,EnergyPhasePINN,3000.0,,,,,,
0.9777892827987671,5.285134315490723,6.783421884969445,loco,16,0,583,141.0,E4|EnergyPhasePINN|loco|16|0,E4,EnergyPhasePINN,3000.0,,,,,,
0.9790282845497131,5.245407581329346,6.591500861409109,loco,16,1,583,121.0,E4|EnergyPhasePINN|loco|16|1,E4,EnergyPhasePINN,3000.0,,,,,,
0.9429585933685303,8.33326244354248,10.870820042368225,loco,16,2,583,38.0,E4|EnergyPhasePINN|loco|16|2,E4,EnergyPhasePINN,3000.0,,,,,,
0.9028555154800415,11.68114948272705,14.072207478410403,loco,17,0,580,181.0,E4|EnergyPhasePINN|loco|17|0,E4,EnergyPhasePINN,3000.0,,,,,,
0.7844485640525818,16.954681396484375,20.961799390591597,loco,17,1,580,146.0,E4|EnergyPhasePINN|loco|17|1,E4,EnergyPhasePINN,3000.0,,,,,,
0.9657191038131714,6.853847503662109,8.359477219001198,loco,17,2,580,142.0,E4|EnergyPhasePINN|loco|17|2,E4,EnergyPhasePINN,3000.0,,,,,,
0.9769279956817627,5.211394786834717,6.755564056497099,loco,0,0,557,378.0,E4|PhasePINN|loco|0|0,E4,PhasePINN,3000.0,,,,,,
0.9618108868598938,6.908295631408691,8.691372454288226,loco,0,1,557,79.0,E4|PhasePINN|loco|0|1,E4,PhasePINN,3000.0,,,,,,
0.9642148613929749,6.553116798400879,8.413373346893549,loco,0,2,557,78.0,E4|PhasePINN|loco|0|2,E4,PhasePINN,3000.0,,,,,,
0.9812008142471313,4.83499813079834,6.389186855868219,loco,1,0,597,387.0,E4|PhasePINN|loco|1|0,E4,PhasePINN,3000.0,,,,,,
0.9829311966896057,4.588938236236572,6.088040068245165,loco,1,1,597,91.0,E4|PhasePINN|loco|1|1,E4,PhasePINN,3000.0,,,,,,
0.9826910495758057,4.716854572296143,6.130715642230413,loco,1,2,597,100.0,E4|PhasePINN|loco|1|2,E4,PhasePINN,3000.0,,,,,,
0.9684159755706787,6.111336708068848,7.932507243809847,loco,2,0,556,167.0,E4|PhasePINN|loco|2|0,E4,PhasePINN,3000.0,,,,,,
0.9685669541358948,6.049818515777588,7.913527927250342,loco,2,1,556,166.0,E4|PhasePINN|loco|2|1,E4,PhasePINN,3000.0,,,,,,
0.9587668776512146,6.970427989959717,9.063582993614,loco,2,2,556,59.0,E4|PhasePINN|loco|2|2,E4,PhasePINN,3000.0,,,,,,
0.9716594815254211,5.684377193450928,7.524761269670111,loco,3,0,579,148.0,E4|PhasePINN|loco|3|0,E4,PhasePINN,3000.0,,,,,,
0.9776349663734436,5.0691351890563965,6.68457623321962,loco,3,1,579,137.0,E4|PhasePINN|loco|3|1,E4,PhasePINN,3000.0,,,,,,
0.9667440056800842,6.156660556793213,8.151242644703446,loco,3,2,579,73.0,E4|PhasePINN|loco|3|2,E4,PhasePINN,3000.0,,,,,,
0.9284489750862122,9.024185180664062,12.194838285543064,loco,4,0,1126,113.0,E4|PhasePINN|loco|4|0,E4,PhasePINN,3000.0,,,,,,
0.9752842783927917,5.665838718414307,7.167290712141077,loco,4,1,1126,80.0,E4|PhasePINN|loco|4|1,E4,PhasePINN,3000.0,,,,,,
0.9305807948112488,10.257245063781738,12.011795604428928,loco,4,2,1126,53.0,E4|PhasePINN|loco|4|2,E4,PhasePINN,3000.0,,,,,,
0.9711719751358032,6.471220970153809,8.53065125317069,loco,5,0,560,202.0,E4|PhasePINN|loco|5|0,E4,PhasePINN,3000.0,,,,,,
0.9711035490036011,6.417242527008057,8.540770196779633,loco,5,1,560,60.0,E4|PhasePINN|loco|5|1,E4,PhasePINN,3000.0,,,,,,
0.9531700611114502,8.57272720336914,10.872677960723276,loco,5,2,560,74.0,E4|PhasePINN|loco|5|2,E4,PhasePINN,3000.0,,,,,,
0.9778382182121277,5.6327433586120605,7.337514754480348,loco,6,0,465,169.0,E4|PhasePINN|loco|6|0,E4,PhasePINN,3000.0,,,,,,
0.9752653241157532,5.768764495849609,7.751753085807127,loco,6,1,465,554.0,E4|PhasePINN|loco|6|1,E4,PhasePINN,3000.0,,,,,,
0.9692783355712891,6.943586349487305,8.63911499294506,loco,6,2,465,64.0,E4|PhasePINN|loco|6|2,E4,PhasePINN,3000.0,,,,,,
0.9842649102210999,4.807899475097656,6.1600237283621215,loco,7,0,373,173.0,E4|PhasePINN|loco|7|0,E4,PhasePINN,3000.0,,,,,,
0.9850983023643494,4.532477378845215,5.994682816998412,loco,7,1,373,401.0,E4|PhasePINN|loco|7|1,E4,PhasePINN,3000.0,,,,,,
0.9798830151557922,5.211974620819092,6.965133481249379,loco,7,2,373,84.0,E4|PhasePINN|loco|7|2,E4,PhasePINN,3000.0,,,,,,
0.9802398085594177,5.1839599609375,7.135857858499494,loco,8,0,318,83.0,E4|PhasePINN|loco|8|0,E4,PhasePINN,3000.0,,,,,,
0.9793868660926819,5.054354190826416,7.288244203548386,loco,8,1,318,436.0,E4|PhasePINN|loco|8|1,E4,PhasePINN,3000.0,,,,,,
0.967289388179779,6.830011367797852,9.181110677577403,loco,8,2,318,78.0,E4|PhasePINN|loco|8|2,E4,PhasePINN,3000.0,,,,,,
0.9853864908218384,4.625402927398682,6.121149215008759,loco,9,0,284,122.0,E4|PhasePINN|loco|9|0,E4,PhasePINN,3000.0,,,,,,
0.9821709394454956,5.285267353057861,6.761142152986478,loco,9,1,284,63.0,E4|PhasePINN|loco|9|1,E4,PhasePINN,3000.0,,,,,,
0.9815086126327515,5.211750507354736,6.885589489713253,loco,9,2,284,73.0,E4|PhasePINN|loco|9|2,E4,PhasePINN,3000.0,,,,,,
0.9748702645301819,6.765079021453857,8.573788962747706,loco,10,0,228,198.0,E4|PhasePINN|loco|10|0,E4,PhasePINN,3000.0,,,,,,
0.983569324016571,5.120631217956543,6.932760458289431,loco,10,1,228,62.0,E4|PhasePINN|loco|10|1,E4,PhasePINN,3000.0,,,,,,
0.9687407612800598,8.280553817749023,9.562419417297313,loco,10,2,228,66.0,E4|PhasePINN|loco|10|2,E4,PhasePINN,3000.0,,,,,,
0.9813905954360962,5.086369514465332,6.469846475893447,loco,11,0,469,107.0,E4|PhasePINN|loco|11|0,E4,PhasePINN,3000.0,,,,,,
0.9725478887557983,5.652559280395508,7.858062209801806,loco,11,1,469,71.0,E4|PhasePINN|loco|11|1,E4,PhasePINN,3000.0,,,,,,
0.9776505827903748,5.733909606933594,7.090231674132453,loco,11,2,469,499.0,E4|PhasePINN|loco|11|2,E4,PhasePINN,3000.0,,,,,,
0.9720797538757324,5.706406116485596,7.50921624087668,loco,12,0,456,170.0,E4|PhasePINN|loco|12|0,E4,PhasePINN,3000.0,,,,,,
0.9578873515129089,7.022202014923096,9.222336927974705,loco,12,1,456,72.0,E4|PhasePINN|loco|12|1,E4,PhasePINN,3000.0,,,,,,
0.9600831270217896,7.128396034240723,8.9786917316724,loco,12,2,456,84.0,E4|PhasePINN|loco|12|2,E4,PhasePINN,3000.0,,,,,,
0.9703541994094849,5.609959125518799,7.466660722094395,loco,13,0,463,95.0,E4|PhasePINN|loco|13|0,E4,PhasePINN,3000.0,,,,,,
0.9727813005447388,5.883626461029053,7.154489892120547,loco,13,1,463,65.0,E4|PhasePINN|loco|13|1,E4,PhasePINN,3000.0,,,,,,
0.9585732221603394,7.103309154510498,8.826437459699155,loco,13,2,463,84.0,E4|PhasePINN|loco|13|2,E4,PhasePINN,3000.0,,,,,,
0.910207211971283,9.131722450256348,11.607888374280899,loco,14,0,462,178.0,E4|PhasePINN|loco|14|0,E4,PhasePINN,3000.0,,,,,,
0.8514437675476074,12.475262641906738,14.930623151443804,loco,14,1,462,101.0,E4|PhasePINN|loco|14|1,E4,PhasePINN,3000.0,,,,,,
0.9317696690559387,7.8706769943237305,10.118619438964286,loco,14,2,462,451.0,E4|PhasePINN|loco|14|2,E4,PhasePINN,3000.0,,,,,,
0.9756685495376587,5.6033854484558105,7.3499075539931855,loco,15,0,583,134.0,E4|PhasePINN|loco|15|0,E4,PhasePINN,3000.0,,,,,,
0.9826152324676514,4.5857930183410645,6.212728220625732,loco,15,1,583,148.0,E4|PhasePINN|loco|15|1,E4,PhasePINN,3000.0,,,,,,
0.9737459421157837,5.700203895568848,7.634772620072263,loco,15,2,583,79.0,E4|PhasePINN|loco|15|2,E4,PhasePINN,3000.0,,,,,,
0.9737040400505066,5.836217403411865,7.380941551540417,loco,16,0,583,92.0,E4|PhasePINN|loco|16|0,E4,PhasePINN,3000.0,,,,,,
0.9742361903190613,5.768067359924316,7.30587363991015,loco,16,1,583,267.0,E4|PhasePINN|loco|16|1,E4,PhasePINN,3000.0,,,,,,
0.9805408120155334,5.118562698364258,6.349350735369892,loco,16,2,583,323.0,E4|PhasePINN|loco|16|2,E4,PhasePINN,3000.0,,,,,,
0.9293493628501892,9.555509567260742,12.000827760757145,loco,17,0,580,159.0,E4|PhasePINN|loco|17|0,E4,PhasePINN,3000.0,,,,,,
0.9793571829795837,5.077784061431885,6.486907096920845,loco,17,1,580,800.0,E4|PhasePINN|loco|17|1,E4,PhasePINN,3000.0,,,,,,
0.8616035580635071,13.372583389282227,16.796375355940825,loco,17,2,580,149.0,E4|PhasePINN|loco|17|2,E4,PhasePINN,3000.0,,,,,,
0.9826938509941101,4.604398250579834,5.8508541559543294,loco,0,0,557,198.0,E5|EnergyPhasePINN_nopow|loco|0|0,E5,EnergyPhasePINN_nopow,,,,,,,
0.9798568487167358,4.90321683883667,6.31222805532729,loco,0,1,557,66.0,E5|EnergyPhasePINN_nopow|loco|0|1,E5,EnergyPhasePINN_nopow,,,,,,,
0.9562013745307922,7.179022789001465,9.307839680430769,loco,0,2,557,56.0,E5|EnergyPhasePINN_nopow|loco|0|2,E5,EnergyPhasePINN_nopow,,,,,,,
0.9768057465553284,5.336955547332764,7.096854853800941,loco,1,0,597,177.0,E5|EnergyPhasePINN_nopow|loco|1|0,E5,EnergyPhasePINN_nopow,,,,,,,
0.9785042405128479,5.15650749206543,6.832069497194972,loco,1,1,597,68.0,E5|EnergyPhasePINN_nopow|loco|1|1,E5,EnergyPhasePINN_nopow,,,,,,,
0.980318009853363,4.9298882484436035,6.5374752474547835,loco,1,2,597,80.0,E5|EnergyPhasePINN_nopow|loco|1|2,E5,EnergyPhasePINN_nopow,,,,,,,
0.969348132610321,6.123332500457764,7.814576628304228,loco,2,0,556,85.0,E5|EnergyPhasePINN_nopow|loco|2|0,E5,EnergyPhasePINN_nopow,,,,,,,
0.9762463569641113,5.273252010345459,6.879268084340128,loco,2,1,556,71.0,E5|EnergyPhasePINN_nopow|loco|2|1,E5,EnergyPhasePINN_nopow,,,,,,,
0.9683932662010193,6.196056842803955,7.935360357302253,loco,2,2,556,71.0,E5|EnergyPhasePINN_nopow|loco|2|2,E5,EnergyPhasePINN_nopow,,,,,,,
0.9666321277618408,6.228360652923584,8.164940424536512,loco,3,0,579,102.0,E5|EnergyPhasePINN_nopow|loco|3|0,E5,EnergyPhasePINN_nopow,,,,,,,
0.9733729362487793,5.554091930389404,7.2937485983356085,loco,3,1,579,67.0,E5|EnergyPhasePINN_nopow|loco|3|1,E5,EnergyPhasePINN_nopow,,,,,,,
0.9703865647315979,5.67071533203125,7.691897243406531,loco,3,2,579,57.0,E5|EnergyPhasePINN_nopow|loco|3|2,E5,EnergyPhasePINN_nopow,,,,,,,
0.8409646153450012,12.943313598632812,18.180886026242472,loco,4,0,1126,125.0,E5|EnergyPhasePINN_nopow|loco|4|0,E5,EnergyPhasePINN_nopow,,,,,,,
0.8490889668464661,14.696528434753418,17.71041194908379,loco,4,1,1126,153.0,E5|EnergyPhasePINN_nopow|loco|4|1,E5,EnergyPhasePINN_nopow,,,,,,,
0.42372745275497437,27.467632293701172,34.608450890597155,loco,4,2,1126,43.0,E5|EnergyPhasePINN_nopow|loco|4|2,E5,EnergyPhasePINN_nopow,,,,,,,
0.9693124890327454,6.66158390045166,8.801475609259542,loco,5,0,560,115.0,E5|EnergyPhasePINN_nopow|loco|5|0,E5,EnergyPhasePINN_nopow,,,,,,,
0.9716995358467102,6.4059858322143555,8.452232327807973,loco,5,1,560,203.0,E5|EnergyPhasePINN_nopow|loco|5|1,E5,EnergyPhasePINN_nopow,,,,,,,
0.9499817490577698,8.65893268585205,11.23670784573708,loco,5,2,560,36.0,E5|EnergyPhasePINN_nopow|loco|5|2,E5,EnergyPhasePINN_nopow,,,,,,,
0.9802720546722412,5.22695779800415,6.92289392278354,loco,6,0,465,112.0,E5|EnergyPhasePINN_nopow|loco|6|0,E5,EnergyPhasePINN_nopow,,,,,,,
0.979154109954834,5.406379222869873,7.1163435434545175,loco,6,1,465,164.0,E5|EnergyPhasePINN_nopow|loco|6|1,E5,EnergyPhasePINN_nopow,,,,,,,
0.9533936977386475,8.252402305603027,10.64067160530359,loco,6,2,465,36.0,E5|EnergyPhasePINN_nopow|loco|6|2,E5,EnergyPhasePINN_nopow,,,,,,,
0.9862968325614929,4.511171340942383,5.748555872808643,loco,7,0,373,112.0,E5|EnergyPhasePINN_nopow|loco|7|0,E5,EnergyPhasePINN_nopow,,,,,,,
0.9859517216682434,4.586546897888184,5.820487164430382,loco,7,1,373,164.0,E5|EnergyPhasePINN_nopow|loco|7|1,E5,EnergyPhasePINN_nopow,,,,,,,
0.9172369837760925,10.48572826385498,14.12753192185829,loco,7,2,373,39.0,E5|EnergyPhasePINN_nopow|loco|7|2,E5,EnergyPhasePINN_nopow,,,,,,,
0.9829654097557068,4.780361175537109,6.625464944898885,loco,8,0,318,133.0,E5|EnergyPhasePINN_nopow|loco|8|0,E5,EnergyPhasePINN_nopow,,,,,,,
0.9760414361953735,5.652158260345459,7.857441537307613,loco,8,1,318,306.0,E5|EnergyPhasePINN_nopow|loco|8|1,E5,EnergyPhasePINN_nopow,,,,,,,
0.9319252967834473,10.63338851928711,13.244745328189355,loco,8,2,318,35.0,E5|EnergyPhasePINN_nopow|loco|8|2,E5,EnergyPhasePINN_nopow,,,,,,,
0.9855138659477234,4.553748607635498,6.0944226016025365,loco,9,0,284,133.0,E5|EnergyPhasePINN_nopow|loco|9|0,E5,EnergyPhasePINN_nopow,,,,,,,
0.9840315580368042,4.768251895904541,6.398632451814838,loco,9,1,284,96.0,E5|EnergyPhasePINN_nopow|loco|9|1,E5,EnergyPhasePINN_nopow,,,,,,,
0.9317766427993774,10.088875770568848,13.225817799657099,loco,9,2,284,38.0,E5|EnergyPhasePINN_nopow|loco|9|2,E5,EnergyPhasePINN_nopow,,,,,,,
0.9688525199890137,7.908239364624023,9.545313331253032,loco,10,0,228,129.0,E5|EnergyPhasePINN_nopow|loco|10|0,E5,EnergyPhasePINN_nopow,,,,,,,
0.9822705984115601,5.470920085906982,7.201541089327985,loco,10,1,228,107.0,E5|EnergyPhasePINN_nopow|loco|10|1,E5,EnergyPhasePINN_nopow,,,,,,,
0.9680107831954956,7.676211357116699,9.673426489807577,loco,10,2,228,37.0,E5|EnergyPhasePINN_nopow|loco|10|2,E5,EnergyPhasePINN_nopow,,,,,,,
0.9784772992134094,5.362626075744629,6.95786245736332,loco,11,0,469,89.0,E5|EnergyPhasePINN_nopow|loco|11|0,E5,EnergyPhasePINN_nopow,,,,,,,
0.9800980687141418,5.184176445007324,6.690753751297237,loco,11,1,469,78.0,E5|EnergyPhasePINN_nopow|loco|11|1,E5,EnergyPhasePINN_nopow,,,,,,,
0.9350053071975708,8.966207504272461,12.091116527308515,loco,11,2,469,38.0,E5|EnergyPhasePINN_nopow|loco|11|2,E5,EnergyPhasePINN_nopow,,,,,,,
0.9729546904563904,5.607596397399902,7.390615967307509,loco,12,0,456,191.0,E5|EnergyPhasePINN_nopow|loco|12|0,E5,EnergyPhasePINN_nopow,,,,,,,
0.9698628187179565,6.003573417663574,7.801645046770009,loco,12,1,456,148.0,E5|EnergyPhasePINN_nopow|loco|12|1,E5,EnergyPhasePINN_nopow,,,,,,,
0.927910566329956,9.286722183227539,12.066202020568522,loco,12,2,456,37.0,E5|EnergyPhasePINN_nopow|loco|12|2,E5,EnergyPhasePINN_nopow,,,,,,,
0.9752099514007568,5.244552135467529,6.827845377837881,loco,13,0,463,108.0,E5|EnergyPhasePINN_nopow|loco|13|0,E5,EnergyPhasePINN_nopow,,,,,,,
0.506571888923645,21.902177810668945,30.46189726623399,loco,13,1,463,40.0,E5|EnergyPhasePINN_nopow|loco|13|1,E5,EnergyPhasePINN_nopow,,,,,,,
0.9512521624565125,7.0818376541137695,9.574643073139978,loco,13,2,463,37.0,E5|EnergyPhasePINN_nopow|loco|13|2,E5,EnergyPhasePINN_nopow,,,,,,,
0.950998842716217,6.691215991973877,8.575032439323435,loco,14,0,462,150.0,E5|EnergyPhasePINN_nopow|loco|14|0,E5,EnergyPhasePINN_nopow,,,,,,,
0.8607982397079468,11.465566635131836,14.452895901900487,loco,14,1,462,297.0,E5|EnergyPhasePINN_nopow|loco|14|1,E5,EnergyPhasePINN_nopow,,,,,,,
0.9228762984275818,8.098997116088867,10.757872426871032,loco,14,2,462,36.0,E5|EnergyPhasePINN_nopow|loco|14|2,E5,EnergyPhasePINN_nopow,,,,,,,
0.97796630859375,5.33671236038208,6.994252433831245,loco,15,0,583,109.0,E5|EnergyPhasePINN_nopow|loco|15|0,E5,EnergyPhasePINN_nopow,,,,,,,
0.9762706160545349,5.536155700683594,7.258406402301856,loco,15,1,583,93.0,E5|EnergyPhasePINN_nopow|loco|15|1,E5,EnergyPhasePINN_nopow,,,,,,,
0.8843328952789307,13.287246704101562,16.02517721997609,loco,15,2,583,36.0,E5|EnergyPhasePINN_nopow|loco|15|2,E5,EnergyPhasePINN_nopow,,,,,,,
0.973420262336731,5.711430072784424,7.420660365246994,loco,16,0,583,176.0,E5|EnergyPhasePINN_nopow|loco|16|0,E5,EnergyPhasePINN_nopow,,,,,,,
0.9795212149620056,5.266501426696777,6.513577878351018,loco,16,1,583,167.0,E5|EnergyPhasePINN_nopow|loco|16|1,E5,EnergyPhasePINN_nopow,,,,,,,
0.8841097354888916,12.785858154296875,15.494971167115045,loco,16,2,583,37.0,E5|EnergyPhasePINN_nopow|loco|16|2,E5,EnergyPhasePINN_nopow,,,,,,,
0.8985055088996887,11.475384712219238,14.383823506359823,loco,17,0,580,185.0,E5|EnergyPhasePINN_nopow|loco|17|0,E5,EnergyPhasePINN_nopow,,,,,,,
0.8681604862213135,14.195834159851074,16.39366053427027,loco,17,1,580,154.0,E5|EnergyPhasePINN_nopow|loco|17|1,E5,EnergyPhasePINN_nopow,,,,,,,
0.867050051689148,13.162249565124512,16.46255220189142,loco,17,2,580,37.0,E5|EnergyPhasePINN_nopow|loco|17|2,E5,EnergyPhasePINN_nopow,,,,,,,
0.9808186888694763,4.841095924377441,6.159673523116055,loco,0,0,557,328.0,E5|PhasePINN_nopow|loco|0|0,E5,PhasePINN_nopow,,,,,,,
0.9608526229858398,6.736911773681641,8.799740908883429,loco,0,1,557,119.0,E5|PhasePINN_nopow|loco|0|1,E5,PhasePINN_nopow,,,,,,,
0.9603722095489502,6.745551109313965,8.85357486916258,loco,0,2,557,95.0,E5|PhasePINN_nopow|loco|0|2,E5,PhasePINN_nopow,,,,,,,
0.9761903285980225,5.484130859375,7.190391688600702,loco,1,0,597,367.0,E5|PhasePINN_nopow|loco|1|0,E5,PhasePINN_nopow,,,,,,,
0.9782658219337463,5.262722969055176,6.8698492001969935,loco,1,1,597,99.0,E5|PhasePINN_nopow|loco|1|1,E5,PhasePINN_nopow,,,,,,,
0.9802747964859009,4.958862781524658,6.54465434211492,loco,1,2,597,95.0,E5|PhasePINN_nopow|loco|1|2,E5,PhasePINN_nopow,,,,,,,
0.9682738780975342,6.3138251304626465,7.95033535999745,loco,2,0,556,230.0,E5|PhasePINN_nopow|loco|2|0,E5,PhasePINN_nopow,,,,,,,
0.9474619626998901,8.397133827209473,10.230895684223588,loco,2,1,556,99.0,E5|PhasePINN_nopow|loco|2|1,E5,PhasePINN_nopow,,,,,,,
0.9587194919586182,7.186447620391846,9.068792854907143,loco,2,2,556,95.0,E5|PhasePINN_nopow|loco|2|2,E5,PhasePINN_nopow,,,,,,,
0.968616247177124,5.987824440002441,7.918468337254716,loco,3,0,579,196.0,E5|PhasePINN_nopow|loco|3|0,E5,PhasePINN_nopow,,,,,,,
0.9760463833808899,5.071753025054932,6.917900098032453,loco,3,1,579,126.0,E5|PhasePINN_nopow|loco|3|1,E5,PhasePINN_nopow,,,,,,,
0.9697433114051819,5.711621284484863,7.774989294308471,loco,3,2,579,101.0,E5|PhasePINN_nopow|loco|3|2,E5,PhasePINN_nopow,,,,,,,
0.9339213967323303,7.748365879058838,11.71921613656258,loco,4,0,1126,136.0,E5|PhasePINN_nopow|loco|4|0,E5,PhasePINN_nopow,,,,,,,
0.8282882571220398,13.630800247192383,18.891577306176274,loco,4,1,1126,572.0,E5|PhasePINN_nopow|loco|4|1,E5,PhasePINN_nopow,,,,,,,
0.9151068329811096,11.81606388092041,13.28325697152187,loco,4,2,1126,105.0,E5|PhasePINN_nopow|loco|4|2,E5,PhasePINN_nopow,,,,,,,
0.9660621285438538,6.824389934539795,9.255868648114683,loco,5,0,560,172.0,E5|PhasePINN_nopow|loco|5|0,E5,PhasePINN_nopow,,,,,,,
0.9678183197975159,6.883516788482666,9.01320061572777,loco,5,1,560,261.0,E5|PhasePINN_nopow|loco|5|1,E5,PhasePINN_nopow,,,,,,,
0.962185800075531,8.02625846862793,9.770173940525574,loco,5,2,560,32.0,E5|PhasePINN_nopow|loco|5|2,E5,PhasePINN_nopow,,,,,,,
0.9781124591827393,5.468179702758789,7.291974073923699,loco,6,0,465,157.0,E5|PhasePINN_nopow|loco|6|0,E5,PhasePINN_nopow,,,,,,,
0.9746456146240234,5.938115119934082,7.848264086791766,loco,6,1,465,456.0,E5|PhasePINN_nopow|loco|6|1,E5,PhasePINN_nopow,,,,,,,
0.9704782366752625,7.136762619018555,8.468722973319421,loco,6,2,465,55.0,E5|PhasePINN_nopow|loco|6|2,E5,PhasePINN_nopow,,,,,,,
0.9824033975601196,5.0940680503845215,6.5142267496982615,loco,7,0,373,157.0,E5|PhasePINN_nopow|loco|7|0,E5,PhasePINN_nopow,,,,,,,
0.9851312041282654,4.659193992614746,5.988063064253299,loco,7,1,373,219.0,E5|PhasePINN_nopow|loco|7|1,E5,PhasePINN_nopow,,,,,,,
0.9527170062065125,8.11825180053711,10.678262209436355,loco,7,2,373,31.0,E5|PhasePINN_nopow|loco|7|2,E5,PhasePINN_nopow,,,,,,,
0.9791953563690186,5.355828762054443,7.322021024438827,loco,8,0,318,207.0,E5|PhasePINN_nopow|loco|8|0,E5,PhasePINN_nopow,,,,,,,
0.9812187552452087,5.069181442260742,6.956854962059706,loco,8,1,318,219.0,E5|PhasePINN_nopow|loco|8|1,E5,PhasePINN_nopow,,,,,,,
0.9765045642852783,5.986927032470703,7.781129154354659,loco,8,2,318,55.0,E5|PhasePINN_nopow|loco|8|2,E5,PhasePINN_nopow,,,,,,,
0.983408510684967,5.086167812347412,6.522271368450636,loco,9,0,284,111.0,E5|PhasePINN_nopow|loco|9|0,E5,PhasePINN_nopow,,,,,,,
0.985447883605957,4.708535194396973,6.108279390951262,loco,9,1,284,220.0,E5|PhasePINN_nopow|loco|9|1,E5,PhasePINN_nopow,,,,,,,
0.9803815484046936,5.362945079803467,7.092318352573988,loco,9,2,284,59.0,E5|PhasePINN_nopow|loco|9|2,E5,PhasePINN_nopow,,,,,,,
0.9536963105201721,9.551288604736328,11.638219392792251,loco,10,0,228,151.0,E5|PhasePINN_nopow|loco|10|0,E5,PhasePINN_nopow,,,,,,,
0.9653112888336182,7.769000053405762,10.073320151252462,loco,10,1,228,110.0,E5|PhasePINN_nopow|loco|10|1,E5,PhasePINN_nopow,,,,,,,
0.963007390499115,8.207948684692383,10.402467698989295,loco,10,2,228,59.0,E5|PhasePINN_nopow|loco|10|2,E5,PhasePINN_nopow,,,,,,,
0.9802979230880737,5.039555549621582,6.657079510647592,loco,11,0,469,123.0,E5|PhasePINN_nopow|loco|11|0,E5,PhasePINN_nopow,,,,,,,
0.9745409488677979,5.425391674041748,7.567427614015173,loco,11,1,469,168.0,E5|PhasePINN_nopow|loco|11|1,E5,PhasePINN_nopow,,,,,,,
0.9598750472068787,7.499000072479248,9.500244137487995,loco,11,2,469,31.0,E5|PhasePINN_nopow|loco|11|2,E5,PhasePINN_nopow,,,,,,,
0.9721441864967346,5.93578577041626,7.500541921746258,loco,12,0,456,183.0,E5|PhasePINN_nopow|loco|12|0,E5,PhasePINN_nopow,,,,,,,
0.9702387452125549,5.859897613525391,7.752833924985637,loco,12,1,456,118.0,E5|PhasePINN_nopow|loco|12|1,E5,PhasePINN_nopow,,,,,,,
0.9575305581092834,7.523285388946533,9.261324986357497,loco,12,2,456,33.0,E5|PhasePINN_nopow|loco|12|2,E5,PhasePINN_nopow,,,,,,,
0.9751886129379272,5.508330345153809,6.830784050772723,loco,13,0,463,232.0,E5|PhasePINN_nopow|loco|13|0,E5,PhasePINN_nopow,,,,,,,
0.9720669388771057,5.527946949005127,7.247767663798173,loco,13,1,463,73.0,E5|PhasePINN_nopow|loco|13|1,E5,PhasePINN_nopow,,,,,,,
0.9599497318267822,7.184841156005859,8.678562754111466,loco,13,2,463,34.0,E5|PhasePINN_nopow|loco|13|2,E5,PhasePINN_nopow,,,,,,,
0.9440404772758484,6.963057994842529,9.163670784333773,loco,14,0,462,148.0,E5|PhasePINN_nopow|loco|14|0,E5,PhasePINN_nopow,,,,,,,
0.8559577465057373,12.924924850463867,14.702034239894003,loco,14,1,462,126.0,E5|PhasePINN_nopow|loco|14|1,E5,PhasePINN_nopow,,,,,,,
0.9629254341125488,5.515560626983643,7.458826343573363,loco,14,2,462,77.0,E5|PhasePINN_nopow|loco|14|2,E5,PhasePINN_nopow,,,,,,,
0.9804554581642151,4.970964431762695,6.587349193953223,loco,15,0,583,240.0,E5|PhasePINN_nopow|loco|15|0,E5,PhasePINN_nopow,,,,,,,
0.9808232188224792,4.933595657348633,6.525076691041616,loco,15,1,583,184.0,E5|PhasePINN_nopow|loco|15|1,E5,PhasePINN_nopow,,,,,,,
0.9622358679771423,7.165726661682129,9.156674944810582,loco,15,2,583,56.0,E5|PhasePINN_nopow|loco|15|2,E5,PhasePINN_nopow,,,,,,,
0.972041130065918,5.840002536773682,7.610741212616543,loco,16,0,583,225.0,E5|PhasePINN_nopow|loco|16|0,E5,PhasePINN_nopow,,,,,,,
0.9771156311035156,5.403328895568848,6.885522453969004,loco,16,1,583,214.0,E5|PhasePINN_nopow|loco|16|1,E5,PhasePINN_nopow,,,,,,,
0.9562079906463623,7.4215087890625,9.52499514602177,loco,16,2,583,51.0,E5|PhasePINN_nopow|loco|16|2,E5,PhasePINN_nopow,,,,,,,
0.948842465877533,8.358325958251953,10.211930452151067,loco,17,0,580,132.0,E5|PhasePINN_nopow|loco|17|0,E5,PhasePINN_nopow,,,,,,,
0.9305551052093506,10.255252838134766,11.897979026171905,loco,17,1,580,235.0,E5|PhasePINN_nopow|loco|17|1,E5,PhasePINN_nopow,,,,,,,
0.9324700236320496,9.183773040771484,11.73279301815369,loco,17,2,580,55.0,E5|PhasePINN_nopow|loco|17|2,E5,PhasePINN_nopow,,,,,,,
0.9753825664520264,5.520938396453857,6.978150463612995,loco,0,0,557,446.0,E6|EnergyPhasePINN_nores|loco|0|0,E6,EnergyPhasePINN_nores,,,,,,,
0.9457719922065735,8.433344841003418,10.356917468094354,loco,0,1,557,71.0,E6|EnergyPhasePINN_nores|loco|0|1,E6,EnergyPhasePINN_nores,,,,,,,
0.9280577898025513,8.910510063171387,11.92917906271641,loco,0,2,557,59.0,E6|EnergyPhasePINN_nores|loco|0|2,E6,EnergyPhasePINN_nores,,,,,,,
0.9769185185432434,5.451301574707031,7.079578107343581,loco,1,0,597,386.0,E6|EnergyPhasePINN_nores|loco|1|0,E6,EnergyPhasePINN_nores,,,,,,,
0.9751157164573669,5.649561882019043,7.350860918967247,loco,1,1,597,78.0,E6|EnergyPhasePINN_nores|loco|1|1,E6,EnergyPhasePINN_nores,,,,,,,
0.9700798988342285,6.185558795928955,8.06041554555904,loco,1,2,597,71.0,E6|EnergyPhasePINN_nores|loco|1|2,E6,EnergyPhasePINN_nores,,,,,,,
0.9723376035690308,5.828713417053223,7.423720473683443,loco,2,0,556,261.0,E6|EnergyPhasePINN_nores|loco|2|0,E6,EnergyPhasePINN_nores,,,,,,,
0.9470327496528625,8.307478904724121,10.272603117851606,loco,2,1,556,72.0,E6|EnergyPhasePINN_nores|loco|2|1,E6,EnergyPhasePINN_nores,,,,,,,
0.9413150548934937,8.80145263671875,10.812852093029951,loco,2,2,556,72.0,E6|EnergyPhasePINN_nores|loco|2|2,E6,EnergyPhasePINN_nores,,,,,,,
0.9679437279701233,6.079420566558838,8.002865754873522,loco,3,0,579,157.0,E6|EnergyPhasePINN_nores|loco|3|0,E6,EnergyPhasePINN_nores,,,,,,,
0.967566728591919,6.228926658630371,8.049784251100014,loco,3,1,579,74.0,E6|EnergyPhasePINN_nores|loco|3|1,E6,EnergyPhasePINN_nores,,,,,,,
0.9578803181648254,6.574621200561523,9.173425806525719,loco,3,2,579,72.0,E6|EnergyPhasePINN_nores|loco|3|2,E6,EnergyPhasePINN_nores,,,,,,,
0.8596123456954956,15.147825241088867,17.08176282161036,loco,4,0,1126,157.0,E6|EnergyPhasePINN_nores|loco|4|0,E6,EnergyPhasePINN_nores,,,,,,,
0.9469419717788696,8.36864948272705,10.501319439048482,loco,4,1,1126,89.0,E6|EnergyPhasePINN_nores|loco|4|1,E6,EnergyPhasePINN_nores,,,,,,,
0.8246829509735107,15.596020698547363,19.08887375720106,loco,4,2,1126,72.0,E6|EnergyPhasePINN_nores|loco|4|2,E6,EnergyPhasePINN_nores,,,,,,,
0.9681407809257507,6.952746391296387,8.967936302782359,loco,5,0,560,138.0,E6|EnergyPhasePINN_nores|loco|5|0,E6,EnergyPhasePINN_nores,,,,,,,
0.9721866846084595,6.271326541900635,8.379171215216111,loco,5,1,560,138.0,E6|EnergyPhasePINN_nores|loco|5|1,E6,EnergyPhasePINN_nores,,,,,,,
0.9594628214836121,8.288321495056152,10.115830401862137,loco,5,2,560,124.0,E6|EnergyPhasePINN_nores|loco|5|2,E6,EnergyPhasePINN_nores,,,,,,,
0.9771261811256409,5.742816925048828,7.454457417833112,loco,6,0,465,185.0,E6|EnergyPhasePINN_nores|loco|6|0,E6,EnergyPhasePINN_nores,,,,,,,
0.9776144027709961,5.576440811157227,7.374472130456583,loco,6,1,465,152.0,E6|EnergyPhasePINN_nores|loco|6|1,E6,EnergyPhasePINN_nores,,,,,,,
0.9723412990570068,6.215025901794434,8.19714998168666,loco,6,2,465,105.0,E6|EnergyPhasePINN_nores|loco|6|2,E6,EnergyPhasePINN_nores,,,,,,,
0.9832180142402649,5.044390678405762,6.361649839788577,loco,7,0,373,139.0,E6|EnergyPhasePINN_nores|loco|7|0,E6,EnergyPhasePINN_nores,,,,,,,
0.9859455823898315,4.549117088317871,5.821757174419111,loco,7,1,373,129.0,E6|EnergyPhasePINN_nores|loco|7|1,E6,EnergyPhasePINN_nores,,,,,,,
0.9844052195549011,4.816244602203369,6.132507083358437,loco,7,2,373,135.0,E6|EnergyPhasePINN_nores|loco|7|2,E6,EnergyPhasePINN_nores,,,,,,,
0.9820570945739746,5.1028876304626465,6.799820886384733,loco,8,0,318,122.0,E6|EnergyPhasePINN_nores|loco|8|0,E6,EnergyPhasePINN_nores,,,,,,,
0.9819994568824768,4.994236946105957,6.810729190365169,loco,8,1,318,129.0,E6|EnergyPhasePINN_nores|loco|8|1,E6,EnergyPhasePINN_nores,,,,,,,
0.9794127345085144,5.5066986083984375,7.283662453670796,loco,8,2,318,102.0,E6|EnergyPhasePINN_nores|loco|8|2,E6,EnergyPhasePINN_nores,,,,,,,
0.9845255613327026,4.714241027832031,6.298886869881102,loco,9,0,284,121.0,E6|EnergyPhasePINN_nores|loco|9|0,E6,EnergyPhasePINN_nores,,,,,,,
0.9845235347747803,4.765170574188232,6.299301096583646,loco,9,1,284,125.0,E6|EnergyPhasePINN_nores|loco|9|1,E6,EnergyPhasePINN_nores,,,,,,,
0.980763852596283,5.249207496643066,7.02287750218132,loco,9,2,284,100.0,E6|EnergyPhasePINN_nores|loco|9|2,E6,EnergyPhasePINN_nores,,,,,,,
0.975314736366272,6.33447265625,8.49763096725576,loco,10,0,228,144.0,E6|EnergyPhasePINN_nores|loco|10|0,E6,EnergyPhasePINN_nores,,,,,,,
0.9843177795410156,5.10571813583374,6.773017351084075,loco,10,1,228,156.0,E6|EnergyPhasePINN_nores|loco|10|1,E6,EnergyPhasePINN_nores,,,,,,,
0.961261510848999,8.113051414489746,10.645108212574538,loco,10,2,228,83.0,E6|EnergyPhasePINN_nores|loco|10|2,E6,EnergyPhasePINN_nores,,,,,,,
0.9792662262916565,5.4612717628479,6.829148135141673,loco,11,0,469,190.0,E6|EnergyPhasePINN_nores|loco|11|0,E6,EnergyPhasePINN_nores,,,,,,,
0.9828246831893921,4.77004337310791,6.215556028970182,loco,11,1,469,111.0,E6|EnergyPhasePINN_nores|loco|11|1,E6,EnergyPhasePINN_nores,,,,,,,
0.9794937372207642,5.3428826332092285,6.791576486312556,loco,11,2,469,146.0,E6|EnergyPhasePINN_nores|loco|11|2,E6,EnergyPhasePINN_nores,,,,,,,
0.9715948104858398,5.861300468444824,7.574148491567515,loco,12,0,456,237.0,E6|EnergyPhasePINN_nores|loco|12|0,E6,EnergyPhasePINN_nores,,,,,,,
0.9724637866020203,5.623648643493652,7.457389842903679,loco,12,1,456,164.0,E6|EnergyPhasePINN_nores|loco|12|1,E6,EnergyPhasePINN_nores,,,,,,,
0.9692134261131287,6.0665202140808105,7.885247964872716,loco,12,2,456,105.0,E6|EnergyPhasePINN_nores|loco|12|2,E6,EnergyPhasePINN_nores,,,,,,,
0.972406804561615,5.595510482788086,7.203541245090956,loco,13,0,463,165.0,E6|EnergyPhasePINN_nores|loco|13|0,E6,EnergyPhasePINN_nores,,,,,,,
0.9723953604698181,5.638188362121582,7.205036828121011,loco,13,1,463,74.0,E6|EnergyPhasePINN_nores|loco|13|1,E6,EnergyPhasePINN_nores,,,,,,,
0.9652073979377747,6.22602653503418,8.088883634479386,loco,13,2,463,105.0,E6|EnergyPhasePINN_nores|loco|13|2,E6,EnergyPhasePINN_nores,,,,,,,
0.9370765089988708,7.744381904602051,9.717150786582438,loco,14,0,462,214.0,E6|EnergyPhasePINN_nores|loco|14|0,E6,EnergyPhasePINN_nores,,,,,,,
0.7573388814926147,16.129514694213867,19.082384288571458,loco,14,1,462,97.0,E6|EnergyPhasePINN_nores|loco|14|1,E6,EnergyPhasePINN_nores,,,,,,,
0.9298399686813354,8.00210952758789,10.260709424691317,loco,14,2,462,101.0,E6|EnergyPhasePINN_nores|loco|14|2,E6,EnergyPhasePINN_nores,,,,,,,
0.9771451354026794,5.407474517822266,7.12340112782719,loco,15,0,583,172.0,E6|EnergyPhasePINN_nores|loco|15|0,E6,EnergyPhasePINN_nores,,,,,,,
0.9796431660652161,5.053524017333984,6.722848041642442,loco,15,1,583,89.0,E6|EnergyPhasePINN_nores|loco|15|1,E6,EnergyPhasePINN_nores,,,,,,,
0.9710992574691772,5.9844183921813965,8.010364018049376,loco,15,2,583,92.0,E6|EnergyPhasePINN_nores|loco|15|2,E6,EnergyPhasePINN_nores,,,,,,,
0.9690941572189331,6.194963455200195,8.001794613773564,loco,16,0,583,155.0,E6|EnergyPhasePINN_nores|loco|16|0,E6,EnergyPhasePINN_nores,,,,,,,
0.9734325408935547,5.620223522186279,7.418950904240521,loco,16,1,583,80.0,E6|EnergyPhasePINN_nores|loco|16|1,E6,EnergyPhasePINN_nores,,,,,,,
0.9747543334960938,5.541201591491699,7.2320405229597835,loco,16,2,583,114.0,E6|EnergyPhasePINN_nores|loco|16|2,E6,EnergyPhasePINN_nores,,,,,,,
0.9573129415512085,7.514590263366699,9.32827385507278,loco,17,0,580,182.0,E6|EnergyPhasePINN_nores|loco|17|0,E6,EnergyPhasePINN_nores,,,,,,,
0.95755535364151,7.642843246459961,9.301750379344142,loco,17,1,580,250.0,E6|EnergyPhasePINN_nores|loco|17|1,E6,EnergyPhasePINN_nores,,,,,,,
0.9626745581626892,6.769598484039307,8.722794445837637,loco,17,2,580,104.0,E6|EnergyPhasePINN_nores|loco|17|2,E6,EnergyPhasePINN_nores,,,,,,,
0.9804258942604065,4.730417251586914,6.222426358159239,loco,0,0,557,303.0,E7|EnergyPhasePINN_sigma|loco|0|0,E7,EnergyPhasePINN_sigma,,0.7989228007181328,0.8689407540394973,14.413317680358887,0.13979022961353116,0.24245960502692998,7.574871063232422
0.9834340810775757,4.4459004402160645,5.724355816309705,loco,0,1,557,96.0,E7|EnergyPhasePINN_sigma|loco|0|1,E7,EnergyPhasePINN_sigma,,0.7073608617594255,0.9192100538599641,7.1840901374816895,0.036020032126996136,0.07369838420107722,3.3452136516571045
0.9553176164627075,7.527017593383789,9.401277463426762,loco,0,2,557,55.0,E7|EnergyPhasePINN_sigma|loco|0|2,E7,EnergyPhasePINN_sigma,,0.6265709156193896,0.8258527827648114,14.883776664733887,0.06380988377586697,0.13132854578096942,10.275373458862305
0.9713740348815918,5.7351202964782715,7.524869249798464,loco,0,3,557,170.0,E7|EnergyPhasePINN_sigma|loco|0|3,E7,EnergyPhasePINN_sigma,,0.7414721723518851,0.8671454219030521,12.226810455322266,0.06721156571860534,0.1296229802513465,11.345108032226562
0.970737636089325,5.860327243804932,7.608054169807969,loco,0,4,557,80.0,E7|EnergyPhasePINN_sigma|loco|0|4,E7,EnergyPhasePINN_sigma,,0.8240574506283662,0.9048473967684022,16.912988662719727,0.13875082679769443,0.23913824057450633,4.027694225311279
0.9750595092773438,5.617432117462158,7.359158587665318,loco,1,0,597,298.0,E7|EnergyPhasePINN_sigma|loco|1|0,E7,EnergyPhasePINN_sigma,,0.7504187604690117,0.8726968174204355,14.409138679504395,0.10028211231596582,0.1876884422110553,6.574113845825195
0.9121142029762268,11.058493614196777,13.814496616687158,loco,1,1,597,35.0,E7|EnergyPhasePINN_sigma|loco|1|1,E7,EnergyPhasePINN_sigma,,0.5896147403685092,0.9865996649916248,12.429938316345215,0.07499779599753151,0.12428810720268002,3.788875102996826
0.9786198139190674,5.079755783081055,6.8136746854928845,loco,1,2,597,58.0,E7|EnergyPhasePINN_sigma|loco|1|2,E7,EnergyPhasePINN_sigma,,0.8123953098827471,0.9028475711892797,14.872539520263672,0.13333333333333336,0.21859296482412066,5.044833660125732
0.9812129735946655,4.873289585113525,6.3871162314194745,loco,1,3,597,157.0,E7|EnergyPhasePINN_sigma|loco|1|3,E7,EnergyPhasePINN_sigma,,0.7537688442211056,0.8676716917922948,12.277880668640137,0.0997355197037821,0.175963149078727,9.85807991027832
0.9350732564926147,10.211233139038086,11.873740039037761,loco,1,4,597,44.0,E7|EnergyPhasePINN_sigma|loco|1|4,E7,EnergyPhasePINN_sigma,,0.7788944723618091,0.8241206030150754,29.57050895690918,0.13069734638102795,0.23651591289782253,6.662397861480713
0.966397225856781,6.461599826812744,8.18209637255665,loco,2,0,556,94.0,E7|EnergyPhasePINN_sigma|loco|2|0,E7,EnergyPhasePINN_sigma,,0.7032374100719424,0.8345323741007195,14.398616790771484,0.07042786823173042,0.12158273381294965,5.492771625518799
0.9704295992851257,5.974098205566406,7.675482311688368,loco,2,1,556,326.0,E7|EnergyPhasePINN_sigma|loco|2|1,E7,EnergyPhasePINN_sigma,,0.5413669064748201,0.8848920863309353,5.894414901733398,0.09939416887542595,0.15179856115107915,3.4362919330596924
0.9641021490097046,6.726288318634033,8.456899537080563,loco,2,2,556,70.0,E7|EnergyPhasePINN_sigma|loco|2|2,E7,EnergyPhasePINN_sigma,,0.7050359712230215,0.8327338129496403,14.854966163635254,0.07004922377887164,0.12266187050359711,11.868364334106445
0.9690240621566772,6.1667375564575195,7.855774921386083,loco,2,3,556,153.0,E7|EnergyPhasePINN_sigma|loco|2|3,E7,EnergyPhasePINN_sigma,,0.6798561151079137,0.8219424460431655,12.308141708374023,0.05550927678909504,0.12985611510791362,8.921916961669922
0.9430774450302124,8.572813987731934,10.649248166477784,loco,2,4,556,58.0,E7|EnergyPhasePINN_sigma|loco|2|4,E7,EnergyPhasePINN_sigma,,0.8435251798561151,0.9424460431654677,25.057180404663086,0.1307648617947747,0.22050359712230222,4.14219856262207
0.9676370620727539,6.086050033569336,8.041056186517201,loco,3,0,579,93.0,E7|EnergyPhasePINN_sigma|loco|3|0,E7,EnergyPhasePINN_sigma,,0.7426597582037997,0.8825561312607945,14.39213752746582,0.07836560312698847,0.13557858376511228,4.511386394500732
0.9751108288764954,5.318004608154297,7.051703378498707,loco,3,1,579,101.0,E7|EnergyPhasePINN_sigma|loco|3|1,E7,EnergyPhasePINN_sigma,,0.6407599309153713,0.9602763385146805,6.143299102783203,0.024670484501408962,0.047495682210708046,3.1698665618896484
0.9694014191627502,5.880866050720215,7.81879068024052,loco,3,2,579,69.0,E7|EnergyPhasePINN_sigma|loco|3|2,E7,EnergyPhasePINN_sigma,,0.7547495682210709,0.8877374784110535,14.823417663574219,0.09090991728024726,0.15621761658031097,7.131521224975586
0.9689292311668396,5.976759910583496,7.878890998761268,loco,3,3,579,131.0,E7|EnergyPhasePINN_sigma|loco|3|3,E7,EnergyPhasePINN_sigma,,0.7098445595854922,0.8825561312607945,12.365546226501465,0.050040905372238896,0.08886010362694308,5.565309047698975
0.9713378548622131,5.695509910583496,7.567341161345725,loco,3,4,579,505.0,E7|EnergyPhasePINN_sigma|loco|3|4,E7,EnergyPhasePINN_sigma,,0.8635578583765112,0.9792746113989638,16.80164909362793,0.16657576583946918,0.26157167530224534,3.59391188621521
0.8505545258522034,11.738669395446777,17.624206092214745,loco,4,0,1126,73.0,E7|EnergyPhasePINN_sigma|loco|4|0,E7,EnergyPhasePINN_sigma,,0.627886323268206,0.8952042628774423,14.268718719482422,0.03940357109469944,0.06980461811722916,4.888803958892822
0.8729376792907715,13.047304153442383,16.250867615059434,loco,4,1,1126,227.0,E7|EnergyPhasePINN_sigma|loco|4|1,E7,EnergyPhasePINN_sigma,,0.2353463587921847,0.5701598579040853,6.412949085235596,0.31546227914368513,0.48321492007104794,5.11677885055542
0.6773127317428589,17.974044799804688,25.89757610746974,loco,4,2,1126,55.0,E7|EnergyPhasePINN_sigma|loco|4|2,E7,EnergyPhasePINN_sigma,,0.40852575488454707,0.8152753108348135,14.5548677444458,0.1847714312424044,0.28463587921847244,70.40995788574219
0.8366658687591553,14.764301300048828,18.424964289844127,loco,4,3,1126,135.0,E7|EnergyPhasePINN_sigma|loco|4|3,E7,EnergyPhasePINN_sigma,,0.35701598579040855,0.8037300177619894,12.426589965820312,0.23871178835187432,0.3495559502664298,63.92935562133789
0.9211650490760803,8.431017875671387,12.800520194927321,loco,4,4,1126,88.0,E7|EnergyPhasePINN_sigma|loco|4|4,E7,EnergyPhasePINN_sigma,,0.8658969804618117,0.9520426287744227,18.09840965270996,0.13157894736842107,0.20870337477797524,3.822305202484131
0.96941739320755,6.838305473327637,8.786421912358445,loco,5,0,560,101.0,E7|EnergyPhasePINN_sigma|loco|5|0,E7,EnergyPhasePINN_sigma,,0.7464285714285714,0.8535714285714285,14.325175285339355,0.05234962406015039,0.10357142857142865,4.596663951873779
0.9766150116920471,5.7264556884765625,7.683223620422356,loco,5,1,560,387.0,E7|EnergyPhasePINN_sigma|loco|5|1,E7,EnergyPhasePINN_sigma,,0.5910714285714286,0.9107142857142857,5.4688544273376465,0.06663533834586464,0.10178571428571426,3.2357728481292725
0.9635493755340576,7.9787163734436035,9.592400372037279,loco,5,2,560,36.0,E7|EnergyPhasePINN_sigma|loco|5|2,E7,EnergyPhasePINN_sigma,,0.6553571428571429,0.7964285714285714,14.708806037902832,0.04022556390977444,0.15714285714285714,29.76388168334961
0.9626103043556213,8.307196617126465,9.7151802596775,loco,5,3,560,37.0,E7|EnergyPhasePINN_sigma|loco|5|3,E7,EnergyPhasePINN_sigma,,0.6,0.7375,13.028701782226562,0.06334586466165412,0.2142857142857142,33.47183609008789
0.9710349440574646,6.7064619064331055,8.550903932851057,loco,5,4,560,89.0,E7|EnergyPhasePINN_sigma|loco|5|4,E7,EnergyPhasePINN_sigma,,0.8375,0.95,19.332195281982422,0.13383458646616542,0.2410714285714286,3.788043975830078
0.9797499179840088,5.386292457580566,7.01391390385799,loco,6,0,465,119.0,E7|EnergyPhasePINN_sigma|loco|6|0,E7,EnergyPhasePINN_sigma,,0.7397849462365591,0.8666666666666667,14.430130958557129,0.0994340690435767,0.17258064516129035,4.9244842529296875
0.9824168682098389,4.748244285583496,6.535744904469484,loco,6,1,465,223.0,E7|EnergyPhasePINN_sigma|loco|6|1,E7,EnergyPhasePINN_sigma,,0.6903225806451613,0.9376344086021505,5.750093460083008,0.023995472552348626,0.05107526881720431,3.1049206256866455
0.9701175093650818,6.928225994110107,8.520310315135884,loco,6,2,465,36.0,E7|EnergyPhasePINN_sigma|loco|6|2,E7,EnergyPhasePINN_sigma,,0.7268817204301076,0.8043010752688172,14.755266189575195,0.07979626485568761,0.1499999999999999,18.450740814208984
0.9658222198486328,7.58078145980835,9.112102433939247,loco,6,3,465,36.0,E7|EnergyPhasePINN_sigma|loco|6|3,E7,EnergyPhasePINN_sigma,,0.6989247311827957,0.7784946236559139,12.575153350830078,0.04606677985285795,0.17365591397849456,26.679161071777344
0.9749342203140259,6.1047282218933105,7.803463523894374,loco,6,4,465,87.0,E7|EnergyPhasePINN_sigma|loco|6|4,E7,EnergyPhasePINN_sigma,,0.8043010752688172,0.9354838709677419,19.47438621520996,0.13831352574985853,0.22419354838709682,3.8611652851104736
0.9843322038650513,4.8779401779174805,6.146839675840609,loco,7,0,373,180.0,E7|EnergyPhasePINN_sigma|loco|7|0,E7,EnergyPhasePINN_sigma,,0.7319034852546917,0.871313672922252,14.494211196899414,0.11789191477352902,0.21126005361930295,4.482911109924316
0.9859934449195862,4.44352388381958,5.811836779093695,loco,7,1,373,261.0,E7|EnergyPhasePINN_sigma|loco|7|1,E7,EnergyPhasePINN_sigma,,0.7024128686327078,0.967828418230563,5.7974772453308105,0.01721461831522508,0.0361930294906167,3.0207881927490234
0.957612931728363,8.192924499511719,10.110316048501447,loco,7,2,373,39.0,E7|EnergyPhasePINN_sigma|loco|7|2,E7,EnergyPhasePINN_sigma,,0.67828418230563,0.7506702412868632,14.801692008972168,0.05181317906025116,0.2020107238605897,24.603927612304688
0.9441947340965271,9.641786575317383,11.600737817911492,loco,7,3,373,36.0,E7|EnergyPhasePINN_sigma|loco|7|3,E7,EnergyPhasePINN_sigma,,0.5415549597855228,0.7774798927613941,12.570554733276367,0.10627910258219275,0.1753351206434316,28.232086181640625
0.9847643375396729,4.796304225921631,6.061477732251764,loco,7,4,373,87.0,E7|EnergyPhasePINN_sigma|loco|7|4,E7,EnergyPhasePINN_sigma,,0.8445040214477212,0.967828418230563,18.904483795166016,0.19761535205305492,0.3265415549597856,3.6746692657470703
0.9765759706497192,5.812370300292969,7.769290174270216,loco,8,0,318,165.0,E7|EnergyPhasePINN_sigma|loco|8|0,E7,EnergyPhasePINN_sigma,,0.7578616352201258,0.8679245283018868,14.552983283996582,0.09735187024164184,0.19433962264150945,5.332706451416016
0.981596052646637,4.956202030181885,6.886621536200558,loco,8,1,318,281.0,E7|EnergyPhasePINN_sigma|loco|8|1,E7,EnergyPhasePINN_sigma,,0.6855345911949685,0.9528301886792453,5.926821708679199,0.014895729890764644,0.03144654088050319,3.1299941539764404
0.9665675759315491,7.516650676727295,9.281852522793217,loco,8,2,318,36.0,E7|EnergyPhasePINN_sigma|loco|8|2,E7,EnergyPhasePINN_sigma,,0.7075471698113207,0.8176100628930818,15.053252220153809,0.048328368090036405,0.13553459119496847,14.491425514221191
0.9425027370452881,10.2611722946167,12.17235073584899,loco,8,3,318,35.0,E7|EnergyPhasePINN_sigma|loco|8|3,E7,EnergyPhasePINN_sigma,,0.46540880503144655,0.779874213836478,12.390061378479004,0.1484607745779543,0.2279874213836478,32.92965316772461
0.9822491407394409,5.0691094398498535,6.763324725335316,loco,8,4,318,103.0,E7|EnergyPhasePINN_sigma|loco|8|4,E7,EnergyPhasePINN_sigma,,0.839622641509434,0.9213836477987422,17.775962829589844,0.18010592519033436,0.30062893081761005,3.876798152923584
0.9847500920295715,4.7694292068481445,6.253018985213731,loco,9,0,284,77.0,E7|EnergyPhasePINN_sigma|loco|9|0,E7,EnergyPhasePINN_sigma,,0.8169014084507042,0.9049295774647887,14.54195785522461,0.13320978502594516,0.2330985915492958,4.705567359924316
0.9824799299240112,5.028293132781982,6.70229834236498,loco,9,1,284,389.0,E7|EnergyPhasePINN_sigma|loco|9|1,E7,EnergyPhasePINN_sigma,,0.6302816901408451,0.9330985915492958,5.922520637512207,0.03335804299481095,0.058450704225352146,3.2003591060638428
0.9587072134017944,7.777243137359619,10.289471432054915,loco,9,2,284,35.0,E7|EnergyPhasePINN_sigma|loco|9|2,E7,EnergyPhasePINN_sigma,,0.6866197183098591,0.8450704225352113,15.299751281738281,0.041697553743513714,0.1049295774647887,5.750037670135498
0.9534364938735962,8.536788940429688,10.926447401036496,loco,9,3,284,36.0,E7|EnergyPhasePINN_sigma|loco|9|3,E7,EnergyPhasePINN_sigma,,0.6126760563380281,0.8098591549295775,12.37747573852539,0.06560415122312821,0.14647887323943665,34.967613220214844
0.9843605756759644,4.787532329559326,6.33237312801236,loco,9,4,284,103.0,E7|EnergyPhasePINN_sigma|loco|9|4,E7,EnergyPhasePINN_sigma,,0.9014084507042254,0.9507042253521126,19.497207641601562,0.22386953298739815,0.36830985915492964,3.800748586654663
0.9795426726341248,6.054390907287598,7.735761052020355,loco,10,0,228,112.0,E7|EnergyPhasePINN_sigma|loco|10|0,E7,EnergyPhasePINN_sigma,,0.7456140350877193,0.8771929824561403,14.702045440673828,0.08356417359187442,0.16052631578947368,8.05380630493164
0.9833287000656128,5.09235954284668,6.9833459288029065,loco,10,1,228,141.0,E7|EnergyPhasePINN_sigma|loco|10|1,E7,EnergyPhasePINN_sigma,,0.6929824561403509,0.9298245614035088,6.7266459465026855,0.0231763619575254,0.06052631578947368,3.273888349533081
0.9683870077133179,7.6980299949646,9.616381861691188,loco,10,2,228,37.0,E7|EnergyPhasePINN_sigma|loco|10|2,E7,EnergyPhasePINN_sigma,,0.6228070175438597,0.8070175438596491,14.96190357208252,0.053139427516158834,0.14736842105263148,90.64733123779297
0.9599511027336121,8.569781303405762,10.823653097250896,loco,10,3,228,35.0,E7|EnergyPhasePINN_sigma|loco|10|3,E7,EnergyPhasePINN_sigma,,0.5921052631578947,0.8201754385964912,12.33228588104248,0.07594644506001842,0.13245614035087716,278.7740478515625
0.9814463257789612,5.694240570068359,7.367054943134078,loco,10,4,228,103.0,E7|EnergyPhasePINN_sigma|loco|10|4,E7,EnergyPhasePINN_sigma,,0.8508771929824561,0.9078947368421053,19.706180572509766,0.17188365650969528,0.268421052631579,3.958303451538086
0.9784958958625793,5.4552083015441895,6.954859827906676,loco,11,0,469,172.0,E7|EnergyPhasePINN_sigma|loco|11|0,E7,EnergyPhasePINN_sigma,,0.697228144989339,0.8464818763326226,14.38150405883789,0.08966445965660419,0.16791044776119401,6.069699764251709
0.981512725353241,4.977604866027832,6.4485816756432115,loco,11,1,469,133.0,E7|EnergyPhasePINN_sigma|loco|11|1,E7,EnergyPhasePINN_sigma,,0.6545842217484008,0.929637526652452,5.872127056121826,0.02913253282459878,0.06012793176972275,3.1540958881378174
0.9556757807731628,8.267478942871094,9.98499660318056,loco,11,2,469,39.0,E7|EnergyPhasePINN_sigma|loco|11|2,E7,EnergyPhasePINN_sigma,,0.6695095948827292,0.7377398720682303,14.845949172973633,0.07592862753899675,0.21652452025586344,45.36001968383789
0.9453067779541016,8.794981956481934,11.091598946937589,loco,11,3,469,36.0,E7|EnergyPhasePINN_sigma|loco|11|3,E7,EnergyPhasePINN_sigma,,0.6631130063965884,0.7484008528784648,12.490063667297363,0.04252048030524071,0.20586353944562896,36.3955192565918
0.979583740234375,5.393428802490234,6.776659558854298,loco,11,4,469,87.0,E7|EnergyPhasePINN_sigma|loco|11|4,E7,EnergyPhasePINN_sigma,,0.8102345415778252,0.9339019189765458,19.414230346679688,0.154393446302323,0.2681236673773987,3.8968002796173096
0.9739224910736084,5.510935306549072,7.25718122843327,loco,12,0,456,138.0,E7|EnergyPhasePINN_sigma|loco|12|0,E7,EnergyPhasePINN_sigma,,0.7828947368421053,0.8706140350877193,14.325413703918457,0.09815327793167129,0.15526315789473688,7.702883720397949
0.9689686894416809,6.107268333435059,7.916528345873928,loco,12,1,456,66.0,E7|EnergyPhasePINN_sigma|loco|12|1,E7,EnergyPhasePINN_sigma,,0.5635964912280702,0.8947368421052632,6.23823356628418,0.08183287165281623,0.12763157894736843,3.41841197013855
0.9539054036140442,7.941343784332275,9.648501549635586,loco,12,2,456,36.0,E7|EnergyPhasePINN_sigma|loco|12|2,E7,EnergyPhasePINN_sigma,,0.6513157894736842,0.7916666666666666,14.93221664428711,0.04536011080332409,0.16052631578947363,22.329774856567383
0.9379369616508484,9.06122875213623,11.195700937521593,loco,12,3,456,35.0,E7|EnergyPhasePINN_sigma|loco|12|3,E7,EnergyPhasePINN_sigma,,0.5701754385964912,0.7828947368421053,12.21159839630127,0.09222068328716526,0.17149122807017536,28.515888214111328
0.9729886651039124,5.651780605316162,7.385973767215142,loco,12,4,456,91.0,E7|EnergyPhasePINN_sigma|loco|12|4,E7,EnergyPhasePINN_sigma,,0.8552631578947368,0.9385964912280702,19.45149803161621,0.17583102493074795,0.2732456140350878,3.877326250076294
0.9728628396987915,5.542504787445068,7.1437671517661006,loco,13,0,463,152.0,E7|EnergyPhasePINN_sigma|loco|13|0,E7,EnergyPhasePINN_sigma,,0.7300215982721382,0.8552915766738661,14.287583351135254,0.09429350915084689,0.17483801295896328,4.776046276092529
0.9718058705329895,5.473080158233643,7.281560146291624,loco,13,1,463,66.0,E7|EnergyPhasePINN_sigma|loco|13|1,E7,EnergyPhasePINN_sigma,,0.6220302375809935,0.937365010799136,7.17073917388916,0.028759804478799573,0.07462203023758096,3.289182662963867
0.9609436988830566,7.229476451873779,8.570188759646811,loco,13,2,463,36.0,E7|EnergyPhasePINN_sigma|loco|13|2,E7,EnergyPhasePINN_sigma,,0.693304535637149,0.7732181425485961,15.009044647216797,0.08209616914857339,0.17894168466522675,26.529407501220703
0.9535959959030151,7.619450092315674,9.341629655295655,loco,13,3,463,35.0,E7|EnergyPhasePINN_sigma|loco|13|3,E7,EnergyPhasePINN_sigma,,0.6285097192224622,0.7667386609071274,12.178004264831543,0.06169148573377287,0.18326133909287257,59.242027282714844
0.9725850820541382,5.561208248138428,7.180231814666816,loco,13,4,463,96.0,E7|EnergyPhasePINN_sigma|loco|13|4,E7,EnergyPhasePINN_sigma,,0.8293736501079914,0.9244060475161987,18.546249389648438,0.1639422530408094,0.2825053995680346,4.0460920333862305
0.9489284753799438,6.879303455352783,8.754309764517417,loco,14,0,462,151.0,E7|EnergyPhasePINN_sigma|loco|14|0,E7,EnergyPhasePINN_sigma,,0.7207792207792207,0.8658008658008658,14.187334060668945,0.051834130781499205,0.08636363636363631,15.555081367492676
0.8824688792228699,10.25745964050293,13.280333148500313,loco,14,1,462,66.0,E7|EnergyPhasePINN_sigma|loco|14|1,E7,EnergyPhasePINN_sigma,,0.3939393939393939,0.7294372294372294,6.65120792388916,0.1970836181362497,0.2937229437229437,4.139127731323242
0.8962957859039307,10.466456413269043,12.474717473746837,loco,14,2,462,35.0,E7|EnergyPhasePINN_sigma|loco|14|2,E7,EnergyPhasePINN_sigma,,0.5844155844155844,0.7121212121212122,15.14724063873291,0.08999772157666892,0.24004329004328995,10.21031379699707
0.9231061935424805,9.023634910583496,10.741826698486273,loco,14,3,462,35.0,E7|EnergyPhasePINN_sigma|loco|14|3,E7,EnergyPhasePINN_sigma,,0.5584415584415584,0.6536796536796536,11.856971740722656,0.09150148097516518,0.30281385281385276,94.90106201171875
0.9556549191474915,6.290057182312012,8.157464532567559,loco,14,4,462,103.0,E7|EnergyPhasePINN_sigma|loco|14|4,E7,EnergyPhasePINN_sigma,,0.8441558441558441,0.961038961038961,18.200624465942383,0.14342674868990657,0.2380952380952382,3.7624318599700928
0.9777714610099792,5.340643405914307,7.025115868098196,loco,15,0,583,145.0,E7|EnergyPhasePINN_sigma|loco|15|0,E7,EnergyPhasePINN_sigma,,0.7632933104631218,0.9039451114922813,14.412948608398438,0.10143540669856461,0.17658662092624355,5.87600564956665
0.9771021008491516,5.460398197174072,7.130105581906264,loco,15,1,583,118.0,E7|EnergyPhasePINN_sigma|loco|15|1,E7,EnergyPhasePINN_sigma,,0.6089193825042881,0.9056603773584906,5.913782119750977,0.0566489121603322,0.09399656946826751,3.304299831390381
0.9396241903305054,9.2011137008667,11.577892388646818,loco,15,2,583,37.0,E7|EnergyPhasePINN_sigma|loco|15|2,E7,EnergyPhasePINN_sigma,,0.660377358490566,0.8284734133790738,15.165635108947754,0.03732960187776472,0.12324185248713548,14.948352813720703
0.9255291223526001,10.668173789978027,12.858527747757273,loco,15,3,583,37.0,E7|EnergyPhasePINN_sigma|loco|15|3,E7,EnergyPhasePINN_sigma,,0.5351629502572899,0.7821612349914236,12.875601768493652,0.12453732960187773,0.17298456260720407,17.857397079467773
0.9756790399551392,5.628698348999023,7.348320500527096,loco,15,4,583,96.0,E7|EnergyPhasePINN_sigma|loco|15|4,E7,EnergyPhasePINN_sigma,,0.8610634648370498,0.9622641509433962,19.086559295654297,0.1786133429628961,0.2849056603773585,3.7307660579681396
0.9755119681358337,5.554128646850586,7.1226885877810115,loco,16,0,583,101.0,E7|EnergyPhasePINN_sigma|loco|16|0,E7,EnergyPhasePINN_sigma,,0.7289879931389366,0.8353344768439108,14.335067749023438,0.10819716529746323,0.20034305317324191,9.278216361999512
0.9754063487052917,5.643527030944824,7.138034075047763,loco,16,1,583,95.0,E7|EnergyPhasePINN_sigma|loco|16|1,E7,EnergyPhasePINN_sigma,,0.5540308747855918,0.8439108061749572,5.8687639236450195,0.08625981764015526,0.1518867924528302,3.6136155128479004
0.9447593092918396,8.092647552490234,10.697856324696442,loco,16,2,583,38.0,E7|EnergyPhasePINN_sigma|loco|16|2,E7,EnergyPhasePINN_sigma,,0.6981132075471698,0.869639794168096,15.068434715270996,0.02106165929403269,0.08207547169811313,11.352043151855469
0.9325518608093262,9.671805381774902,11.820946312732987,loco,16,3,583,37.0,E7|EnergyPhasePINN_sigma|loco|16|3,E7,EnergyPhasePINN_sigma,,0.5557461406518011,0.8284734133790738,13.205120086669922,0.10241942764286358,0.14279588336192106,8.384596824645996
0.9741292595863342,5.672006607055664,7.321021437539711,loco,16,4,583,120.0,E7|EnergyPhasePINN_sigma|loco|16|4,E7,EnergyPhasePINN_sigma,,0.7941680960548885,0.8953687821612349,17.77130126953125,0.14657398212512418,0.26063464837049743,4.034304618835449
0.9449810981750488,8.626484870910645,10.590321754128013,loco,17,0,580,168.0,E7|EnergyPhasePINN_sigma|loco|17|0,E7,EnergyPhasePINN_sigma,,0.6913793103448276,0.7965517241379311,14.27117919921875,0.03938294010889292,0.15344827586206888,17.73015022277832
0.9305878281593323,9.554266929626465,11.895179708309108,loco,17,1,580,129.0,E7|EnergyPhasePINN_sigma|loco|17|1,E7,EnergyPhasePINN_sigma,,0.3431034482758621,0.7310344827586207,6.370790958404541,0.2392014519056261,0.34827586206896544,4.209097862243652
0.9526481032371521,7.435046672821045,9.824754582802804,loco,17,2,580,35.0,E7|EnergyPhasePINN_sigma|loco|17|2,E7,EnergyPhasePINN_sigma,,0.6758620689655173,0.8310344827586207,14.620573043823242,0.05036297640653359,0.11896551724137927,430.500244140625
0.9546015858650208,7.8152594566345215,9.61996288522393,loco,17,3,580,37.0,E7|EnergyPhasePINN_sigma|loco|17|3,E7,EnergyPhasePINN_sigma,,0.646551724137931,0.8362068965517241,13.411680221557617,0.031306715063520875,0.11724137931034473,8.29651165008545
0.975585401058197,5.682672023773193,7.054686418535354,loco,17,4,580,134.0,E7|EnergyPhasePINN_sigma|loco|17|4,E7,EnergyPhasePINN_sigma,,0.7637931034482759,0.8741379310344828,16.47287940979004,0.12504537205081667,0.22241379310344833,4.167912006378174
